日期,开(亿元),高(亿元),低(亿元),收(亿元),量(亿),额(亿元),涨幅%,振幅%
20150105,69714.2,71674.7,69674.8,71447.3,748.32,8267.72,,
20150106,71237.2,72700.7,70525.3,72322.4,712.04,8192.09,1.22,3.04
20150107,72245.3,73236.1,71437.9,71839.3,559.1,6646.79,-0.67,2.49
20150108,71824.7,71968.8,69454.8,69578.1,534.29,6207.78,-3.15,3.5
20150109,69471.5,70636.3,68801.0,68892.9,570.82,6838.23,-0.98,2.64
20150112,68738.3,69122.4,66371.5,66894.8,460.67,5567.82,-2.9,3.99
20150113,66885.4,67323.3,65304.3,65528.4,354.16,4595.09,-2.04,3.02
20150114,65535.9,66008.0,63305.4,63760.0,361.5,4468.62,-2.7,4.12
20150115,63769.0,64353.4,63504.0,64353.4,407.51,5165.44,0.93,1.33
20150116,64384.4,65426.6,64384.4,64739.7,486.37,6117.38,0.6,1.62
20150119,61511.6,63675.8,60795.1,61290.0,594.74,6851.24,-5.33,4.45
20150120,61608.7,63309.7,61516.1,63065.6,536.98,6916.43,2.9,2.93
20150121,63558.9,66409.7,63482.0,66409.7,621.69,7908.03,5.3,4.64
20150122,66406.2,67248.6,66368.4,67209.8,545.2,6957.22,1.2,1.33
20150123,67329.2,68275.7,66679.3,67113.8,549.99,6963.21,-0.14,2.38
20150126,67165.6,67749.9,67017.9,67423.0,499.01,6281.41,0.46,1.09
20150127,67600.9,68034.9,66528.5,67582.1,577.41,7124.99,0.24,2.23
20150128,67085.8,67608.1,66035.9,66265.5,469.03,5932.81,-1.95,2.33
20150129,65395.5,66278.5,64382.7,64572.6,430.81,5157.57,-2.55,2.86
20150130,64904.6,65094.4,62532.1,62537.4,413.02,4973.75,-3.15,3.97
20150202,60922.5,61703.5,59904.0,60035.6,383.96,4560.27,-4.0,2.88
20150203,60566.5,60843.7,60020.5,60642.2,393.85,5057.13,1.01,1.37
20150204,60783.6,61345.9,59680.1,59711.0,404.83,5224.87,-1.54,2.75
20150205,60772.1,61018.3,59470.9,59485.2,481.76,6188.64,-0.38,2.59
20150206,59202.7,59634.5,57283.1,57666.3,396.74,4908.21,-3.06,3.95
20150209,57481.9,57859.2,56478.2,56657.0,326.12,4257.53,-1.75,2.39
20150210,56572.9,57113.9,55944.3,56369.8,301.66,3911.57,-0.51,2.06
20150211,56494.1,56858.7,55629.4,55769.7,300.41,4039.99,-1.06,2.18
20150212,55793.2,55976.0,55148.2,55207.6,327.71,4308.28,-1.01,1.48
20150213,55353.8,56393.3,55353.8,55953.4,427.56,5526.12,1.35,1.88
20150216,56138.6,56698.5,56138.6,56674.7,389.64,5319.17,1.29,1.0
20150217,56960.5,57368.7,56548.9,56701.2,376.9,5035.3,0.05,1.45
20150225,56748.9,57133.1,55815.4,56030.0,385.24,5087.75,-1.18,2.32
20150226,55905.8,57302.8,55904.8,57302.8,465.79,5866.85,2.27,2.5
20150227,57254.0,58308.6,57254.0,58114.8,480.28,6118.17,1.42,1.84
20150302,58713.4,60648.0,58655.6,60648.0,587.2,7832.56,4.36,3.43
20150303,60281.7,61799.5,60189.0,61509.9,634.16,8330.27,1.42,2.66
20150304,61608.4,62643.6,61608.4,62643.6,510.84,6823.0,1.84,1.68
20150305,62517.3,63300.1,62491.2,63300.1,543.77,7288.0,1.05,1.29
20150306,63370.2,63821.9,62399.7,62541.6,484.0,6427.21,-1.2,2.25
20150309,61996.4,63604.0,61914.0,63604.0,505.63,6456.86,1.7,2.7
20150310,63529.6,64463.0,63529.6,63967.4,480.17,6418.48,0.57,1.47
20150311,64883.9,65622.2,64274.9,64498.0,475.51,6341.47,0.83,2.11
20150312,64868.8,65396.8,64859.5,65365.9,554.69,7215.66,1.35,0.83
20150313,65653.5,66611.0,65653.5,66224.7,506.65,6607.98,1.31,1.46
20150316,66785.6,69887.1,66785.6,69887.1,651.9,8971.49,5.53,4.68
20150317,70451.0,73673.6,70451.0,73673.6,834.52,10980.24,5.42,4.61
20150318,73883.9,77738.3,73880.1,77738.3,865.76,11030.91,5.52,5.24
20150319,77765.1,80185.8,77553.7,80185.8,847.84,10875.07,3.15,3.39
20150320,80360.2,83259.7,80360.2,83257.5,813.33,11457.81,3.83,3.62
20150323,83552.2,87509.5,83552.2,87509.1,857.26,12067.52,5.11,4.75
20150324,87767.4,91317.3,87373.3,91317.3,1028.6,14153.09,4.35,4.51
20150325,91193.5,93627.4,90752.3,93146.8,853.69,12363.63,2.0,3.15
20150326,92817.2,94946.0,92055.3,93463.4,794.88,11795.23,0.34,3.1
20150327,93420.6,94235.7,93420.6,93622.6,644.63,9312.58,0.17,0.87
20150330,94284.2,96875.0,94284.2,96833.0,861.23,11982.43,3.43,2.77
20150331,97690.8,99548.6,97687.9,98226.8,877.9,12740.4,1.44,1.92
20150401,98338.5,100523.7,98338.5,100523.4,734.06,11092.16,2.34,2.22
20150402,101151.0,102472.5,100961.3,102472.5,799.65,12143.43,1.94,1.5
20150403,101842.4,104731.6,101728.8,104731.6,797.74,12370.93,2.2,2.93
20150407,105776.0,108466.4,105776.0,108466.4,913.41,13848.8,3.57,2.57
20150408,109163.6,110884.7,108309.4,110705.2,977.74,15238.7,2.06,2.37
20150409,111012.3,111624.9,109194.4,111386.8,928.89,14640.59,0.62,2.2
20150410,110599.8,113541.1,110369.4,113530.5,775.63,12312.75,1.92,2.85
20150413,114713.8,117037.2,114713.8,116835.2,921.36,14192.22,2.91,2.05
20150414,116726.5,119151.0,116167.5,117896.8,928.17,14224.77,0.91,2.55
20150415,117783.7,118553.4,115068.3,115070.0,919.86,13278.12,-2.4,2.96
20150416,113504.6,117995.7,113047.7,116728.0,807.17,11907.64,1.44,4.3
20150417,118345.4,120513.7,118345.4,120074.2,1032.23,15014.5,2.87,1.86
20150420,120127.5,123935.2,119004.2,121470.7,1223.23,17721.51,1.16,4.11
20150421,121541.9,124782.1,121541.9,124782.1,941.4,14095.07,2.73,2.67
20150422,125389.4,129491.3,125389.4,129491.3,1041.64,16267.25,3.77,3.29
20150423,130243.4,132017.91,130011.3,131550.0,1043.54,16490.37,1.59,1.55
20150424,129687.5,133014.3,129543.9,131989.41,979.26,15551.47,0.33,2.64
20150427,134035.5,136155.5,134035.5,135165.8,1013.46,16095.21,2.41,1.61
20150428,135105.7,136410.91,132308.7,133526.3,1098.93,16728.59,-1.21,3.03
20150429,133274.41,134805.8,132430.7,133432.11,790.0,12773.82,-0.07,1.78
20150430,133817.8,134993.11,131971.0,132005.0,800.17,13189.25,-1.07,2.26
20150504,132373.41,133680.8,131034.1,131534.11,755.29,12145.62,-0.36,2.0
20150505,131389.11,131882.11,125470.6,126128.6,870.46,13394.82,-4.11,4.87
20150506,127111.2,128150.4,122192.1,123404.2,745.62,12315.03,-2.16,4.72
20150507,122233.7,123196.0,117978.8,118097.1,617.87,9650.16,-4.3,4.23
20150508,120004.7,120758.5,117763.3,120426.5,649.13,10706.88,1.97,2.54
20150511,121709.8,125539.6,121412.2,125539.6,802.76,13814.02,4.25,3.43
20150512,125983.0,128933.6,125785.6,128933.6,852.56,15115.23,2.7,2.51
20150513,128498.7,130919.8,127945.3,129737.2,854.39,15099.75,0.62,2.31
20150514,129818.4,131147.91,129013.7,129552.7,783.22,13637.63,-0.14,1.65
20150515,128845.7,129334.6,127244.2,127564.9,746.06,13024.21,-1.53,1.61
20150518,127495.1,129661.7,126710.9,127402.7,670.77,12268.69,-0.13,2.31
20150519,127822.0,130848.7,127822.0,130781.3,750.74,13895.73,2.65,2.38
20150520,131737.11,135496.0,131737.11,133609.3,889.67,16184.31,2.16,2.87
20150521,134027.11,137549.8,134027.11,137547.91,816.82,15184.61,2.95,2.64
20150522,138859.2,141574.2,138668.41,141573.5,1087.14,19561.41,2.93,2.11
20150525,140544.7,148013.3,140405.11,148013.3,1100.81,19886.48,4.55,5.37
20150526,149410.61,155261.41,149410.61,155261.41,1148.17,21083.86,4.9,3.95
20150527,156081.7,158890.41,154442.3,158549.7,1122.52,21041.4,2.12,2.86
20150528,158236.2,162028.0,151484.3,151653.91,1300.45,23576.14,-4.35,6.65
20150529,152220.7,156523.8,146262.11,153560.7,1019.82,18525.1,1.26,6.77
20150601,155275.5,160997.61,155063.5,160997.61,954.69,17609.64,4.84,3.86
20150602,162315.0,166331.41,162040.11,166329.5,1016.66,19255.43,3.31,2.67
20150603,167423.2,169518.41,164436.7,167140.0,1015.58,19729.94,0.49,3.06
20150604,166843.41,168351.41,157549.7,167684.11,1072.47,19821.15,0.33,6.46
20150605,170981.91,173920.0,168594.41,172241.8,1213.03,22506.18,2.72,3.18
20150608,172126.8,175704.0,172126.8,175526.41,1271.95,22593.09,1.91,2.08
20150609,175312.0,178008.0,172909.7,175077.61,1074.6,19311.18,-0.26,2.9
20150610,174333.7,177044.3,171763.0,175410.3,953.55,18150.09,0.19,3.02
20150611,175106.0,177147.0,174042.0,175637.91,913.19,17942.02,0.13,1.77
20150612,176705.41,178474.91,176661.61,177385.0,1008.29,19625.76,0.99,1.03
20150615,178557.3,179877.91,174236.2,174811.8,1041.86,19929.76,-1.45,3.18
20150616,171677.3,173554.3,165363.61,167018.0,901.39,16985.74,-4.46,4.69
20150617,167389.0,169211.91,162585.7,168624.2,846.78,15341.14,0.96,3.97
20150618,167188.41,169407.41,159973.8,160306.3,794.44,14592.49,-4.93,5.59
20150619,155942.61,158890.0,147560.2,147615.8,739.4,12841.5,-7.92,7.07
20150623,147607.2,148973.5,139060.8,148012.61,763.47,12956.97,0.27,6.72
20150624,148390.0,152424.7,147175.11,150831.8,872.8,14882.28,1.9,3.55
20150625,151145.5,151839.91,142888.3,144884.11,902.25,15480.02,-3.94,5.93
20150626,139082.41,142003.3,132250.3,132823.7,856.17,13400.36,-8.32,6.73
20150629,135204.3,135943.3,123767.3,127238.9,1028.9,15324.65,-4.2,9.17
20150630,124947.1,136434.3,120476.2,136417.11,1104.83,16599.39,7.21,12.54
20150701,135500.0,139983.61,129039.6,129604.6,944.76,15270.04,-4.99,8.02
20150702,129371.9,130454.5,120540.6,122360.0,903.65,12859.32,-5.59,7.65
20150703,119329.0,124147.5,114120.4,114948.3,859.62,11501.94,-6.06,8.19
20150706,122966.2,122966.2,112461.6,116585.0,1223.14,15494.46,1.42,9.14
20150707,111864.1,113958.8,109663.8,112429.0,923.95,10759.49,-3.56,3.68
20150708,106158.2,110022.9,105840.2,109861.6,986.45,11135.17,-2.28,3.72
20150709,108607.5,117792.1,107849.2,116728.7,860.98,9489.18,6.25,9.05
20150710,118326.6,125430.9,118193.3,122624.5,743.05,9261.72,5.05,6.2
20150713,122623.9,130153.3,122623.9,128164.5,873.64,11714.86,4.52,6.14
20150714,128660.0,133222.0,127063.7,128492.9,952.7,13195.49,0.26,4.8
20150715,127121.4,128856.8,121963.1,122651.0,943.55,12440.7,-4.55,5.37
20150716,119657.8,127592.3,117965.5,122993.1,814.17,10764.92,0.28,7.85
20150717,124363.3,128717.2,123638.7,127752.0,786.43,10994.02,3.87,4.13
20150720,128200.1,132398.61,127908.8,129447.2,895.28,13185.64,1.33,3.51
20150721,127981.5,131404.91,126853.7,129935.1,815.21,12059.86,0.38,3.52
20150722,129603.5,131885.5,127626.7,130249.7,853.75,12827.59,0.24,3.28
20150723,130337.2,134072.61,130337.2,133867.61,928.39,13966.16,2.78,2.87
20150724,133902.5,136979.3,131341.2,132649.5,1026.04,15857.23,-0.91,4.21
20150729,122065.7,123684.1,116370.6,123674.6,728.64,10791.71,-6.77,5.51
20150730,122568.2,125340.2,118379.3,119013.8,755.56,11554.6,-3.77,5.63
20150731,117623.3,119249.6,113169.8,114891.0,584.75,8771.29,-3.46,5.11
20150803,112746.7,113895.0,107992.8,109646.3,605.95,8471.85,-4.56,5.14
20150804,110176.5,113382.2,109383.5,113382.2,622.86,9053.8,3.41,3.65
20150805,113081.4,115206.9,110273.0,110607.1,636.22,9592.0,-2.45,4.35
20150806,107905.4,110831.7,106553.8,107040.7,475.41,7065.14,-3.22,3.87
20150807,108777.3,110417.5,107460.7,108719.7,591.16,8933.37,1.57,2.76
20150810,110599.1,115295.9,110317.1,114910.2,818.16,12259.4,5.69,4.58
20150811,114911.0,117595.0,114788.4,116296.8,888.75,13340.52,1.21,2.44
20150812,114989.2,117707.5,114272.4,114357.7,725.9,11023.73,-1.67,2.95
20150813,113838.2,116554.6,112970.4,116554.6,715.4,10752.09,1.92,3.13
20150814,117794.0,118838.3,116399.7,117294.9,793.1,12202.72,0.64,2.09
20150817,116725.1,118832.2,116725.1,118796.3,785.78,11856.91,1.28,1.8
20150818,119157.1,119678.4,111388.9,111703.4,930.58,13882.04,-5.97,6.98
20150819,108364.3,114787.6,105991.2,114152.0,805.22,11452.78,2.19,7.87
20150820,112626.2,114145.5,108787.2,108919.4,672.57,9811.74,-4.58,4.69
20150821,106994.6,108516.3,101670.6,102039.5,628.4,8682.15,-6.32,6.29
20150824,97601.5,98218.4,92317.2,92324.7,526.11,6302.22,-9.52,5.78
20150825,86394.2,88968.7,84596.2,84701.7,568.17,6449.64,-8.26,4.74
20150826,84930.6,88448.0,81395.0,82702.7,790.77,8925.03,-2.36,8.33
20150827,85185.1,85979.0,80722.6,85979.0,670.49,7642.63,3.96,6.36
20150828,87436.0,91351.2,86841.5,91351.2,757.11,8983.9,6.25,5.25
20150831,91155.0,91155.0,88126.6,89088.2,662.8,7956.26,-2.48,3.32
20150901,88919.9,88919.9,83721.2,85047.7,677.34,7248.21,-4.54,5.84
20150902,84825.2,85772.5,80949.3,83293.5,695.88,7479.63,-2.06,5.67
20150907,84259.2,86572.5,81452.5,81965.4,523.81,6019.53,-1.59,6.15
20150908,81071.6,83307.2,78885.4,83247.8,454.5,5233.91,1.56,5.39
20150909,83798.4,86943.0,83555.5,86020.7,685.41,8437.14,3.33,4.07
20150910,84548.4,86278.7,83216.0,83512.8,497.38,6099.13,-2.92,3.56
20150911,83628.8,84284.6,81114.7,82170.0,413.95,5153.39,-1.61,3.8
20150914,82963.3,82973.0,76403.5,77481.4,585.72,6799.73,-5.71,8.0
20150915,76757.6,76757.6,71909.7,72258.2,446.3,4769.82,-6.74,6.26
20150916,72291.5,76114.2,71022.3,75859.0,510.84,5659.17,4.98,7.05
20150917,75853.6,77386.9,74430.6,74467.5,589.95,6971.91,-1.83,3.9
20150918,75376.7,75410.7,72771.0,73681.9,395.8,4718.58,-1.05,3.54
20150921,72578.4,75087.8,72578.4,75087.8,465.95,5725.02,1.91,3.41
20150922,75270.3,76410.3,75062.5,75295.3,537.64,6718.88,0.28,1.79
20150923,73823.5,75360.5,73216.3,73443.2,467.06,5783.96,-2.46,2.85
20150924,74104.4,74750.0,72566.2,73246.6,433.38,5498.28,-0.27,2.97
20150925,72743.3,73503.3,69593.1,70186.4,462.04,5610.72,-4.18,5.34
20150928,70381.3,70416.8,68885.6,69627.4,320.15,4039.61,-0.8,2.18
20150929,68408.1,69179.6,66788.7,67003.5,336.92,4203.71,-3.77,3.43
20150930,67673.7,67737.6,65574.8,65617.6,295.7,3707.13,-2.07,3.23
20151008,67863.5,68915.9,67543.7,67991.6,463.57,5866.28,3.62,2.09
20151009,67913.6,68992.4,67840.2,68836.3,475.63,5957.45,1.24,1.69
20151012,69345.9,73607.7,69282.6,73518.5,725.19,9235.92,6.8,6.28
20151013,72771.9,74779.8,72745.8,74779.8,590.83,7654.08,1.72,2.77
20151014,74575.8,75872.2,74060.1,74376.1,589.99,7683.25,-0.54,2.42
20151015,74138.1,77349.8,74138.1,77349.8,623.23,8248.18,4.0,4.32
20151016,78146.8,80355.2,78056.1,80355.2,750.8,9930.22,3.89,2.97
20151019,80815.2,82393.8,80604.1,81893.1,730.67,9955.41,1.91,2.23
20151020,81647.7,83769.8,81616.9,83769.8,646.38,9039.97,2.29,2.63
20151021,83731.8,84833.0,80261.1,81120.0,877.97,11705.05,-3.16,5.46
20151022,81276.9,84254.5,80841.1,84254.5,648.84,8919.75,3.86,4.21
20151023,85031.2,87452.2,84973.8,87356.8,723.98,10393.48,3.68,2.94
20151026,88521.8,89725.7,87682.6,88918.0,755.17,11053.98,1.79,2.34
20151027,87831.7,90119.6,86139.2,89842.8,692.59,9917.77,1.04,4.48
20151028,89066.0,90799.5,86898.5,87343.4,633.65,9155.28,-2.78,4.34
20151029,88302.5,88350.0,86431.7,86763.6,515.97,7485.71,-0.66,2.2
20151030,86322.9,87259.9,85494.4,85704.3,537.61,8008.93,-1.22,2.03
20151102,83553.2,85930.9,82415.9,82677.8,503.5,7421.88,-3.53,4.1
20151103,83271.8,83528.1,80361.1,80952.0,415.93,6252.64,-2.09,3.83
20151104,81707.5,85984.8,81529.6,85984.8,676.55,9926.67,6.22,5.5
20151105,86138.1,90328.7,86138.1,89925.3,980.37,13721.82,4.58,4.87
20151106,90173.4,93836.7,90173.4,93836.7,805.01,11730.65,4.35,4.07
20151109,93570.4,98013.2,93570.4,97743.5,923.23,13667.47,4.16,4.73
20151110,97052.5,99905.8,97000.2,99466.6,829.1,12539.04,1.76,2.97
20151111,99590.6,101111.4,99308.1,101111.4,741.6,11402.3,1.65,1.81
20151112,101541.8,102221.7,100596.6,101608.0,763.77,12305.06,0.49,1.61
20151113,100175.6,101669.8,99415.3,99569.9,706.79,11364.53,-2.01,2.22
20151116,97723.4,100182.5,97723.4,100053.8,567.16,9076.83,0.49,2.47
20151117,101411.6,102999.9,99964.7,100232.0,785.32,12711.18,0.18,3.03
20151118,100268.3,100844.7,96931.8,97296.0,602.54,9422.35,-2.93,3.9
20151119,97610.8,98343.5,96603.3,98305.3,541.0,8587.81,1.04,1.79
20151120,98551.9,99886.7,98508.3,99316.8,674.07,10784.67,1.03,1.4
20151123,99533.6,100663.5,97742.5,98202.3,676.68,10718.78,-1.12,2.94
20151124,98103.8,98290.8,96734.0,97605.6,531.67,8577.45,-0.61,1.59
20151125,97615.9,98706.0,97589.2,98705.0,596.79,10186.79,1.13,1.14
20151126,99331.9,99878.7,97796.7,98054.1,655.21,11054.28,-0.66,2.11
20151127,97584.3,97977.6,91593.0,92496.5,723.51,11411.24,-5.67,6.51
20151130,92821.3,93826.2,88162.1,92763.0,625.97,9813.29,0.29,6.12
20151201,92413.8,93380.9,90400.0,91348.7,519.9,8405.02,-1.52,3.21
20151202,90983.3,91389.9,88899.9,90471.6,563.66,8370.73,-0.96,2.73
20151203,90570.6,91928.4,90548.0,91339.4,528.93,7940.23,0.96,1.53
20151204,90772.4,91907.2,89228.6,89684.0,518.03,8213.17,-1.81,2.93
20151207,90107.3,90458.1,88583.9,89313.8,453.56,7486.7,-0.41,2.09
20151208,88692.8,89100.5,86517.0,86641.3,483.68,7872.1,-2.99,2.89
20151209,86145.9,86767.9,84758.0,85058.5,426.28,7163.03,-1.83,2.32
20151210,85086.7,85931.6,83372.6,83608.5,427.12,7271.36,-1.7,3.01
20151211,83105.1,83462.3,81217.4,81330.7,385.63,6313.14,-2.72,2.69
20151214,80392.7,81951.7,80019.4,81951.7,428.29,6706.99,0.76,2.38
20151215,82085.6,83095.4,81535.1,81739.2,426.79,7130.92,-0.26,1.9
20151216,81864.0,82529.9,81032.6,81236.7,427.33,7267.63,-0.61,1.83
20151217,82026.0,84356.1,81995.8,84356.1,610.01,9944.52,3.84,2.91
20151218,84305.4,85489.6,84237.1,84758.2,577.53,9572.66,0.48,1.48
20151221,84581.6,86294.4,84581.6,86248.3,595.76,9406.97,1.76,2.02
20151222,86553.7,87205.6,86301.7,86958.5,546.94,8722.08,0.82,1.05
20151223,87008.0,87809.0,86407.9,86757.9,607.81,9945.49,-0.23,1.61
20151224,86449.5,86762.4,84996.4,85529.1,458.06,7476.92,-1.42,2.04
20151225,85742.2,86160.9,84160.2,84626.8,410.55,6824.71,-1.05,2.34
20151228,85086.5,85460.5,82832.2,82855.7,544.08,8927.89,-2.09,3.11
20151229,82884.0,83331.4,81581.2,82444.4,394.11,6568.53,-0.5,2.11
20151230,82726.9,83174.1,81714.2,82309.8,411.63,7094.43,-0.16,1.77
20151231,82158.8,82545.0,79814.8,79876.6,397.7,6853.22,-2.96,3.32
20160104,79724.3,79836.3,72946.4,72946.4,387.08,5944.97,-8.68,8.63
20160105,69817.6,73827.7,69671.6,72545.0,558.32,8093.13,-0.55,5.7
20160106,73133.7,74160.1,72591.6,74160.1,490.24,6979.17,2.23,2.16
20160107,72493.3,72681.3,66112.2,66112.2,141.6,1874.67,-10.85,8.86
20160108,68270.1,69405.5,64511.1,67672.4,568.75,7594.27,2.36,7.4
20160111,65812.3,67374.1,63384.1,63483.7,529.91,6619.64,-6.19,5.9
20160112,63835.6,64366.6,62372.4,62990.5,423.58,5494.87,-0.78,3.14
20160113,63101.4,63987.4,60078.2,60144.2,401.61,5176.98,-4.52,6.21
20160114,58125.5,62002.9,58125.5,61956.0,439.59,5509.03,3.01,6.45
20160115,61253.2,62254.1,58913.0,59345.9,418.13,5371.1,-4.21,5.39
20160118,58964.5,60578.3,58284.9,59619.7,356.69,4715.91,0.46,3.86
20160119,59475.3,61745.2,59337.7,61735.3,434.9,5819.89,3.55,4.04
20160120,61214.4,62595.6,60920.6,61135.6,444.42,5947.79,-0.97,2.71
20160121,60312.4,61452.4,58184.5,58203.4,400.04,5350.17,-4.8,5.35
20160122,59343.1,59351.3,57242.8,58350.7,336.54,4455.27,0.25,3.62
20160125,58945.8,59311.5,57304.6,57840.3,316.99,4220.88,-0.87,3.44
20160126,57024.0,57245.3,53394.4,53669.8,422.97,5218.43,-7.21,6.66
20160127,53980.0,53980.0,50886.3,53344.9,435.21,5090.69,-0.61,5.76
20160128,52513.7,53293.4,50031.3,50329.5,338.69,3985.29,-5.65,6.12
20160129,50317.2,52166.1,50045.7,51745.7,366.07,4277.62,2.81,4.21
20160201,51471.2,52004.4,49458.1,50202.9,308.98,3697.36,-2.98,4.92
20160202,50339.1,52044.1,50315.0,51336.3,324.61,4025.41,2.26,3.44
20160203,50636.5,51171.6,49819.1,50755.3,306.21,3753.3,-1.13,2.63
20160204,50994.7,52258.8,50994.7,51501.4,348.88,4411.08,1.47,2.49
20160205,51641.3,51841.7,50041.6,50078.4,287.54,3627.42,-2.76,3.5
20160215,48614.0,49663.9,48614.0,49204.5,265.58,3282.29,-1.75,2.1
20160216,49609.4,51478.5,49590.5,51449.1,394.79,4993.16,4.56,3.84
20160217,51375.1,52854.1,51358.9,52854.1,446.36,5687.66,2.73,2.91
20160218,53317.4,53911.6,53135.9,53373.9,454.84,5895.51,0.98,1.47
20160219,53226.1,53908.2,52867.2,53357.6,352.62,4805.71,-0.03,1.95
20160222,53767.1,55205.1,53767.1,55204.7,466.63,6010.14,3.46,2.7
20160223,55150.2,55596.8,54355.9,55204.1,426.75,5721.65,-0.0,2.25
20160224,54923.3,55882.7,54453.0,55804.7,434.45,5796.49,1.09,2.59
20160225,55642.7,55698.9,52536.5,52789.3,538.15,6648.41,-5.4,5.67
20160226,53452.6,53657.6,51558.7,52619.5,398.28,4855.26,-0.32,3.98
20160229,52111.8,52218.8,49248.8,49771.6,414.53,4607.77,-5.41,5.64
20160301,49661.3,51147.5,48768.9,50820.9,396.26,4618.63,2.11,4.78
20160302,50719.9,54255.1,50719.9,54253.6,539.13,6123.95,6.75,6.96
20160303,54266.2,56273.9,54259.1,55399.0,574.94,6626.91,2.11,3.71
20160304,55078.1,55841.6,53703.1,54805.9,571.86,6398.64,-1.07,3.86
20160307,55699.2,56809.2,55012.9,55575.3,415.29,4780.2,1.4,3.28
20160308,55374.6,55844.9,53702.5,55844.9,463.45,5320.49,0.49,3.85
20160309,54215.7,55501.0,53501.3,53838.9,362.94,4261.05,-3.59,3.58
20160310,53823.3,54253.8,51637.2,51740.6,289.35,3545.91,-3.9,4.86
20160311,51077.6,51598.2,49902.6,50293.4,253.71,3037.35,-2.8,3.28
20160314,51054.3,52735.9,50912.7,52088.4,400.29,5031.91,3.57,3.63
20160315,51858.9,52333.0,50927.8,51219.3,334.23,4274.31,-1.67,2.7
20160316,51643.9,51738.4,50377.1,50423.7,344.44,4229.35,-1.55,2.66
20160317,50733.5,52646.7,50455.8,52646.7,432.32,5713.94,4.41,4.34
20160318,52862.0,56738.9,52862.0,56738.9,629.52,8158.04,7.77,7.36
20160321,57669.8,60932.8,57645.2,60932.8,688.87,9024.26,7.39,5.79
20160322,60170.5,62056.0,60140.8,61727.5,548.36,7562.61,1.3,3.14
20160323,61526.0,62822.2,61498.4,62822.2,463.95,6695.59,1.77,2.14
20160324,62018.2,63404.2,61841.2,62375.5,506.41,7370.18,-0.71,2.49
20160325,62402.5,63169.3,61283.4,62105.5,384.27,5528.47,-0.43,3.02
20160328,62592.3,63437.3,61271.0,61629.3,440.87,6252.2,-0.77,3.49
20160329,61472.8,61706.0,59434.6,59939.6,389.1,5368.2,-2.74,3.69
20160330,60467.9,62117.7,60467.9,62117.7,439.87,6275.43,3.63,2.75
20160331,62552.6,63393.0,62454.1,62661.5,470.15,6961.26,0.88,1.51
20160401,62576.8,62706.7,61207.6,61975.9,421.33,5822.77,-1.09,2.39
20160405,62068.5,64174.3,62063.5,64173.0,518.56,7127.92,3.55,3.41
20160406,63794.7,64988.1,63794.7,64704.1,492.24,7006.37,0.83,1.86
20160407,64715.9,65056.7,63881.1,63932.5,486.02,6978.27,-1.19,1.82
20160408,63264.4,63815.9,61950.9,62885.8,409.07,5842.68,-1.64,2.92
20160411,63290.4,65046.4,63290.4,64286.9,464.82,6666.66,2.23,2.79
20160412,64085.2,64466.0,62538.3,63270.8,399.2,5818.94,-1.58,3.0
20160413,63878.4,65938.8,63816.5,65484.1,619.24,8226.43,3.5,3.35
20160414,65907.3,66240.1,65032.4,65801.1,448.09,6240.46,0.48,1.84
20160415,65811.8,66089.5,64658.5,65115.1,407.23,5848.76,-1.04,2.17
20160418,64417.9,64543.3,63381.5,63491.8,391.21,5564.68,-2.49,1.78
20160419,63496.3,64104.0,62411.2,62810.8,344.43,5053.22,-1.07,2.67
20160420,63074.2,63103.9,59707.5,61440.2,586.03,7994.24,-2.18,5.41
20160421,61238.8,61677.8,59924.1,60073.7,402.23,5413.92,-2.22,2.85
20160422,59509.0,60348.7,58844.6,59222.6,307.31,4219.21,-1.42,2.5
20160425,58923.9,58951.3,57525.0,57559.4,279.4,3905.82,-2.81,2.41
20160426,57569.3,58032.3,56256.9,56951.5,268.55,3815.49,-1.06,3.08
20160427,57031.8,57315.2,55669.6,55809.3,299.77,4274.92,-2.01,2.89
20160428,55892.1,55902.5,54170.8,54929.4,307.87,4309.32,-1.58,3.1
20160429,54641.7,55150.1,53692.8,53721.9,249.23,3661.07,-2.2,2.65
20160503,53730.7,55377.4,53538.6,55377.4,371.42,5368.02,3.08,3.42
20160504,55137.1,55953.4,55136.0,55376.9,370.41,5349.11,-0.0,1.48
20160505,55244.7,55710.9,54744.4,55237.9,325.1,4737.56,-0.25,1.75
20160506,55243.4,55542.3,53850.4,53970.8,465.05,6609.25,-2.29,3.06
20160509,53327.6,53384.9,51553.3,51876.7,381.19,4987.71,-3.88,3.39
20160510,51790.1,52101.8,50314.8,50599.2,257.09,3460.38,-2.46,3.44
20160511,50981.7,50997.1,49577.7,49591.7,289.09,3924.84,-1.99,2.81
20160512,48655.7,49355.6,48260.5,48980.8,291.65,3797.82,-1.23,2.21
20160513,48738.3,49517.3,47702.7,48022.8,256.29,3470.85,-1.96,3.7
20160516,48029.1,48423.0,47783.0,48314.1,263.26,3616.19,0.61,1.33
20160517,48398.8,48574.5,47861.7,47992.6,300.55,4306.14,-0.67,1.48
20160518,47927.7,47927.7,45915.6,46613.6,317.25,4158.75,-2.87,4.19
20160519,46554.9,47550.6,46251.9,46367.9,267.5,3752.51,-0.53,2.79
20160520,45857.6,46666.3,45611.8,46251.0,258.07,3654.23,-0.25,2.27
20160523,46493.6,47240.6,46395.9,46760.5,289.0,4188.44,1.1,1.83
20160524,46631.5,46713.7,45520.6,45772.6,266.84,3711.74,-2.11,2.55
20160525,46259.2,46535.6,45046.0,45112.4,254.9,3712.17,-1.44,3.25
20160526,45062.3,45236.3,44044.6,45062.5,280.31,3910.85,-0.11,2.64
20160527,44907.4,45345.5,44481.1,44529.3,269.11,3781.05,-1.18,1.92
20160530,44176.3,44684.0,43655.7,43714.8,244.58,3332.29,-1.83,2.31
20160531,43833.8,47162.2,43833.8,47162.2,469.7,6303.89,7.89,7.61
20160601,47318.9,48945.6,47318.9,48901.0,453.15,6535.16,3.69,3.45
20160602,48767.0,49893.9,48766.1,49893.9,390.93,5601.54,2.03,2.31
20160603,49961.0,51043.7,49939.9,51002.8,422.94,6442.11,2.22,2.21
20160606,51307.1,51756.8,50856.0,51299.7,349.93,5275.96,0.58,1.77
20160607,51304.3,51590.8,50910.7,51237.2,332.16,5087.57,-0.12,1.33
20160608,51084.5,51353.0,50912.2,51128.7,350.72,5455.24,-0.21,0.86
20160613,50299.4,51079.2,49090.5,49108.7,401.74,5885.21,-3.95,3.89
20160614,48909.7,49609.1,48167.4,48634.3,288.49,4123.25,-0.97,2.94
20160615,47991.9,50856.5,47991.9,50668.4,395.71,5726.35,4.18,5.89
20160616,50714.6,51553.1,50714.6,51190.8,408.16,5935.72,1.03,1.65
20160617,51438.4,52339.8,51161.6,51677.3,397.47,5701.28,0.95,2.3
20160620,51696.9,51793.4,51221.9,51525.4,335.77,4997.02,-0.29,1.11
20160621,51986.6,52597.2,50892.9,51268.7,398.69,5923.57,-0.5,3.31
20160622,51080.6,51729.3,50889.1,51729.3,327.16,4856.33,0.9,1.64
20160623,51678.1,52149.4,51228.8,51335.2,352.8,5232.6,-0.76,1.78
20160624,51198.1,52296.5,49889.2,51763.6,460.95,6462.52,0.83,4.69
20160627,51713.5,53339.8,51622.2,53339.8,391.02,5825.4,3.04,3.32
20160628,53115.5,54556.0,53115.5,54556.0,441.5,6644.96,2.28,2.7
20160629,54937.0,55539.1,54863.4,55218.6,442.21,6438.55,1.21,1.24
20160630,55355.4,55776.2,54797.5,55114.1,377.17,5748.2,-0.19,1.77
20160701,55357.7,55764.0,54608.4,54661.7,345.53,5199.55,-0.82,2.1
20160704,54292.4,56341.3,54292.4,56341.3,475.28,6580.88,3.07,3.75
20160705,56424.5,57391.1,56424.5,57391.1,498.28,7073.78,1.86,1.72
20160706,57158.8,58068.5,57157.8,58068.5,461.56,6630.51,1.18,1.59
20160707,57957.0,59005.5,57944.5,58928.9,502.97,7329.67,1.48,1.83
20160708,58781.1,59324.0,58389.1,58473.4,395.38,5898.43,-0.77,1.59
20160711,58680.8,59530.6,58629.4,58848.7,486.15,6992.71,0.64,1.54
20160712,58792.5,60444.5,58633.3,60444.5,542.22,7341.9,2.71,3.08
20160713,60530.5,61622.3,60530.5,61614.3,538.25,7285.91,1.94,1.81
20160714,61463.2,61896.9,60753.3,61258.3,414.72,5875.22,-0.58,1.86
20160715,61322.5,61514.8,60445.1,60488.7,397.15,5676.83,-1.26,1.75
20160718,60275.0,60534.2,59500.2,59705.8,395.67,5572.8,-1.29,1.71
20160719,59619.2,59896.6,58696.1,59226.1,355.03,5162.33,-0.8,2.01
20160720,59217.7,59584.5,58341.8,58364.3,338.59,5048.56,-1.46,2.1
20160721,58310.1,58741.6,57966.7,58103.8,378.85,5562.91,-0.45,1.33
20160722,58072.7,58285.3,57016.6,57227.6,371.37,5394.24,-1.51,2.18
20160725,57066.0,57452.3,56215.1,56518.3,337.06,4912.08,-1.24,2.16
20160726,56503.0,57103.7,56191.9,56585.3,345.51,4846.62,0.12,1.61
20160727,56655.4,56880.6,54532.4,56039.2,597.58,8057.81,-0.97,4.15
20160728,55923.4,56418.6,55313.5,55885.4,407.8,5563.67,-0.27,1.97
20160729,55841.9,56016.7,54368.1,54515.8,317.35,4309.73,-2.45,2.95
20160801,54222.7,54222.7,52730.9,52780.9,318.34,4169.34,-3.18,2.74
20160802,52730.4,53012.4,51542.6,51769.2,243.15,3221.78,-1.92,2.78
20160805,50566.8,50761.9,49656.3,49687.4,300.38,4019.08,-4.02,2.14
20160808,49646.9,50072.3,49452.1,49826.2,323.09,4138.19,0.28,1.25
20160809,49773.3,50186.3,49770.2,50172.6,354.3,4629.07,0.7,0.84
20160810,50106.5,50523.2,49743.7,49774.7,351.83,4681.13,-0.79,1.55
20160811,49522.0,49791.9,48622.7,48674.8,341.57,4500.14,-2.21,2.35
20160812,48587.3,48884.0,47956.7,48884.0,337.66,4263.31,0.43,1.91
20160815,49099.1,52318.8,49087.2,52318.8,581.76,7503.01,7.03,6.61
20160816,52423.2,54096.5,52423.2,54096.5,538.61,7089.31,3.4,3.2
20160817,53979.6,54734.4,53971.6,54705.9,452.75,6180.95,1.13,1.41
20160818,54595.6,55417.0,54595.6,55263.4,482.75,6347.26,1.02,1.5
20160819,55145.4,55419.4,54754.8,55088.1,408.95,5361.8,-0.32,1.2
20160822,55120.7,55430.9,54120.7,54185.7,398.73,5338.71,-1.64,2.38
20160823,54116.3,54612.8,53139.9,53622.5,349.9,4597.85,-1.04,2.72
20160824,53699.4,53923.1,52793.5,52964.9,328.09,4486.32,-1.23,2.11
20160825,52481.4,53000.4,52101.2,52509.3,374.06,5106.63,-0.86,1.7
20160826,52669.8,53077.4,51972.7,52149.9,336.72,4749.14,-0.68,2.1
20160829,52111.6,52486.3,51455.1,51617.4,311.9,4315.62,-1.02,1.98
20160830,51677.3,51820.1,50773.2,50949.8,305.3,4220.78,-1.29,2.03
20160831,50968.2,51190.6,50524.0,50670.5,313.99,4407.94,-0.55,1.31
20160901,50612.0,50824.0,49729.6,49833.8,334.23,4545.52,-1.65,2.16
20160902,49738.0,50151.9,48958.0,49261.7,314.65,4306.28,-1.15,2.4
20160905,49449.7,49852.1,48674.7,48846.3,307.7,4096.86,-0.84,2.39
20160906,48831.2,49926.0,48722.9,49926.0,389.09,5320.17,2.21,2.46
20160907,49951.4,50752.7,49951.4,50375.8,418.96,5601.34,0.9,1.6
20160908,50324.1,50690.5,49717.5,50142.1,328.6,4487.26,-0.46,1.93
20160909,50134.3,50442.4,49538.0,49659.9,355.58,4807.16,-0.96,1.8
20160912,48656.1,49477.0,48562.6,48881.6,424.04,5394.37,-1.57,1.84
20160913,49224.4,49332.5,48279.1,48553.0,298.1,3965.42,-0.67,2.15
20160914,48214.6,48642.9,47312.5,47535.7,285.5,3744.91,-2.1,2.74
20160919,47809.2,48195.9,47082.7,47230.3,261.14,3452.8,-0.64,2.34
20160920,47284.6,47367.6,46358.2,46488.1,264.84,3557.84,-1.57,2.14
20160921,46439.8,46675.4,45710.5,45834.6,259.29,3513.53,-1.41,2.08
20160922,46192.2,46520.0,45853.8,45994.1,310.01,4168.49,0.35,1.45
20160923,46039.8,46166.0,45262.0,45341.2,290.51,3954.38,-1.42,1.97
20160926,45203.6,45301.2,44191.4,44299.8,323.45,4246.89,-2.3,2.45
20160927,44181.9,44490.6,43320.6,44019.9,269.58,3500.43,-0.63,2.64
20160928,44047.1,44155.5,43006.3,43124.4,232.98,3049.52,-2.03,2.61
20160929,43211.8,43361.4,42536.7,42618.6,250.2,3230.01,-1.17,1.91
20160930,42547.3,42727.9,41865.2,42010.8,228.88,2982.94,-1.43,2.02
20161010,42388.7,43382.4,42388.7,43382.4,344.45,4538.02,3.26,2.37
20161011,43372.8,44123.6,43367.6,44123.6,360.49,4629.38,1.71,1.74
20161012,43950.0,44473.0,43882.5,44166.9,324.16,4250.13,0.1,1.34
20161013,44156.1,44474.1,44141.6,44320.8,342.2,4317.84,0.35,0.75
20161014,44263.2,44464.3,43958.7,44279.0,333.77,4232.23,-0.09,1.14
20161017,44331.6,44642.2,43853.9,44221.4,353.28,4633.05,-0.13,1.78
20161018,44265.4,45467.7,44265.4,45467.7,371.49,4823.82,2.82,2.72
20161019,45544.1,46104.2,45544.1,45889.6,382.6,4947.3,0.93,1.23
20161020,45890.4,46257.2,45873.2,46138.5,355.52,4745.39,0.54,0.84
20161021,46117.7,46611.5,46079.3,46478.7,387.49,5055.39,0.74,1.15
20161024,46525.4,47826.6,46525.4,47826.6,449.92,5632.22,2.9,2.8
20161025,47841.1,48486.2,47841.1,48486.2,408.75,5381.18,1.38,1.35
20161026,48437.0,48977.3,48433.3,48734.5,409.2,5467.56,0.51,1.12
20161027,48670.2,48928.2,48226.5,48488.3,335.55,4534.7,-0.51,1.44
20161028,48444.1,48872.5,48086.3,48162.3,373.62,5107.39,-0.67,1.62
20161031,47979.1,48246.0,47672.5,47806.0,315.52,4348.38,-0.74,1.19
20161101,47864.3,48336.2,47857.9,48336.2,337.3,4834.1,1.11,1.0
20161102,48361.2,48881.9,48344.7,48572.6,389.94,5478.9,0.49,1.11
20161103,48418.7,49926.5,48418.7,49850.0,455.84,6399.93,2.63,3.1
20161104,49853.4,50488.6,49776.4,50003.7,401.37,5660.27,0.31,1.43
20161107,50019.1,50338.9,49777.2,49970.4,384.56,5110.44,-0.07,1.12
20161108,50165.9,50478.0,50082.7,50267.8,390.45,5255.99,0.6,0.79
20161109,50257.6,51274.6,50114.3,51043.6,487.32,6531.4,1.54,2.31
20161110,51372.9,52509.7,51372.9,52509.7,485.57,6546.29,2.87,2.23
20161111,52474.8,54374.4,52470.3,54374.4,591.88,7597.97,3.55,3.63
20161114,54257.7,56112.1,54257.7,56112.1,614.07,7674.09,3.2,3.41
20161115,56116.6,56653.9,56066.2,56602.0,480.86,6301.84,0.87,1.05
20161116,56729.6,57206.6,56707.0,56846.5,471.34,6269.37,0.43,0.88
20161117,56682.1,56983.1,56213.4,56515.3,425.61,5450.83,-0.58,1.35
20161118,56572.3,56999.1,55824.7,56016.7,408.08,5437.95,-0.88,2.08
20161121,55947.4,56799.1,55947.4,56415.2,431.48,5926.98,0.71,1.52
20161122,56539.5,57554.8,56539.5,57554.8,485.06,6632.58,2.02,1.8
20161123,57582.1,58182.8,57571.7,57871.6,494.14,6794.88,0.55,1.06
20161124,57846.9,58327.3,57685.6,57975.0,459.53,6333.11,0.18,1.11
20161125,57934.6,58374.6,57547.5,58374.6,453.85,6119.93,0.69,1.43
20161128,58626.9,59242.7,58614.0,58987.1,500.47,6415.36,1.05,1.08
20161129,58764.7,59621.1,58746.3,59491.2,547.72,6892.54,0.85,1.48
20161130,59250.4,59965.2,58812.0,59064.8,437.09,5630.09,-0.72,1.94
20161201,59137.5,59678.9,58927.7,59245.8,425.69,5591.31,0.31,1.27
20161202,59153.5,59463.8,58182.6,58326.8,465.69,5969.01,-1.55,2.16
20161205,57466.3,58474.9,57039.9,57191.2,405.05,5105.77,-1.95,2.46
20161206,57271.4,57526.8,56026.6,56090.4,310.44,4196.07,-1.92,2.62
20161207,56088.4,56173.7,55566.2,55808.3,333.92,4372.7,-0.5,1.08
20161208,55829.3,56047.3,54674.9,54783.4,339.14,4542.69,-1.84,2.46
20161209,54682.2,54900.2,54169.2,54407.0,368.84,4864.0,-0.69,1.33
20161212,54389.2,54512.7,52885.4,53118.1,516.74,6511.32,-2.37,2.99
20161213,52873.8,53274.9,52561.8,52924.3,361.52,4575.66,-0.36,1.34
20161214,52781.1,53063.5,52096.2,52185.3,373.39,4684.68,-1.4,1.83
20161215,51953.9,52893.2,51768.2,52092.6,357.94,4580.14,-0.18,2.16
20161216,52071.0,52652.7,51685.9,51785.7,330.85,4332.78,-0.59,1.86
20161219,51844.5,52069.7,50810.9,50932.0,311.93,3991.35,-1.65,2.43
20161220,50842.5,50935.3,49675.4,49934.1,308.21,3840.46,-1.96,2.47
20161221,50050.7,50378.0,49672.4,49896.1,340.47,4293.0,-0.08,1.41
20161222,49815.1,49971.8,49102.5,49216.0,313.11,3967.27,-1.36,1.74
20161223,49167.1,49243.4,48031.7,48094.5,313.55,4043.43,-2.28,2.46
20161226,47894.6,47953.6,47298.8,47786.0,294.86,3780.1,-0.64,1.36
20161227,47736.7,47984.3,47026.7,47059.7,277.07,3627.17,-1.52,2.0
20161228,47041.7,47203.5,45950.5,46112.1,273.82,3512.97,-2.01,2.66
20161229,46098.5,46230.8,45244.3,45325.7,262.24,3421.96,-1.71,2.14
20161230,45402.1,45544.8,44292.8,44563.4,263.9,3429.59,-1.68,2.76
20170103,44745.3,45234.8,44506.3,44623.9,283.75,3590.42,0.14,1.63
20170104,44634.1,45366.0,44612.2,45366.0,343.49,4503.35,1.66,1.69
20170105,45325.4,45756.3,45315.0,45503.3,346.3,4496.41,0.3,0.97
20170106,45466.0,45802.8,45143.2,45271.9,351.14,4543.74,-0.51,1.45
20170109,45169.9,45603.7,45169.9,45434.5,325.3,4150.67,0.36,0.96
20170110,45389.6,45676.7,45054.1,45188.5,337.88,4171.37,-0.54,1.37
20170111,45072.1,45406.9,44438.0,44472.8,329.24,4042.52,-1.58,2.14
20170112,44412.5,44647.1,43539.4,43626.5,295.33,3634.44,-1.9,2.49
20170113,43622.8,43694.3,42540.4,42783.2,301.59,3833.99,-1.93,2.64
20170116,42623.2,42729.6,40974.0,42678.0,450.15,5213.38,-0.25,4.1
20170117,42429.9,42751.4,41709.1,42749.9,276.88,3552.69,0.17,2.44
20170118,42604.1,42911.2,41938.8,41970.3,250.63,3164.61,-1.82,2.27
20170119,41766.0,42018.6,40890.3,40991.3,238.11,2976.83,-2.33,2.69
20170120,40912.5,41534.2,40895.4,40996.0,248.41,3226.95,0.01,1.56
20170123,41146.4,41658.8,40807.8,40927.9,265.55,3315.36,-0.17,2.08
20170124,40902.9,40960.9,40151.8,40207.4,250.39,3058.15,-1.76,1.98
20170125,40120.0,40315.8,39490.0,39574.3,222.59,2832.01,-1.57,2.05
20170126,39635.8,39782.9,38876.2,39007.0,217.17,2696.18,-1.43,2.29
20170203,39164.7,39169.7,38035.9,38068.1,190.33,2397.62,-2.41,2.91
20170206,38086.9,38444.0,38067.7,38263.7,252.54,3289.27,0.51,0.99
20170207,38197.4,38550.4,38125.7,38299.9,268.28,3508.57,0.09,1.11
20170208,38184.3,38820.2,38171.9,38820.2,295.77,3861.33,1.36,1.69
20170209,38781.3,39809.5,38781.3,39809.5,365.45,4582.58,2.55,2.65
20170210,39807.3,40762.6,39799.5,40762.6,427.57,4980.65,2.39,2.42
20170213,40830.5,41897.8,40830.5,41897.8,401.43,4840.87,2.78,2.62
20170214,41881.5,42299.5,41872.3,42193.8,350.15,4308.12,0.71,1.02
20170215,42100.0,42708.9,42100.0,42656.2,425.22,5191.33,1.1,1.44
20170216,42597.7,43240.0,42597.7,43218.3,380.93,4509.63,1.32,1.51
20170217,43237.4,43823.1,43237.4,43412.5,406.39,4988.78,0.45,1.36
20170220,43412.3,44517.5,43412.3,44517.5,410.25,4981.12,2.55,2.55
20170221,44496.0,45371.1,44496.0,45371.1,400.08,4983.87,1.92,1.97
20170222,45365.5,46048.0,45362.7,46048.0,400.37,5015.74,1.49,1.51
20170223,45991.8,46450.1,45980.9,46450.1,408.02,5175.7,0.87,1.02
20170224,46351.3,46753.6,46345.4,46678.2,361.38,4759.39,0.49,0.88
20170227,46657.8,47036.8,46290.7,46435.4,354.79,4668.07,-0.52,1.6
20170228,46447.1,46743.5,46086.9,46369.8,305.97,4188.04,-0.14,1.41
20170301,46336.0,47009.4,46304.8,46792.3,370.08,4958.94,0.91,1.52
20170302,46869.2,47138.6,46489.3,46624.1,357.21,4863.32,-0.36,1.39
20170303,46400.9,46882.1,46312.7,46487.9,321.22,4491.49,-0.29,1.22
20170306,46481.0,47138.5,46481.0,47044.9,332.79,4785.66,1.2,1.41
20170307,47085.8,47524.4,47073.6,47327.0,340.95,4951.55,0.6,0.96
20170308,47290.7,47583.5,46862.8,47045.6,321.03,4553.18,-0.59,1.52
20170309,46913.1,47106.0,46362.2,46567.3,327.45,4500.07,-1.02,1.58
20170310,46527.5,46742.9,46087.0,46207.8,283.47,4175.63,-0.77,1.41
20170313,46175.7,46746.9,46086.4,46746.9,328.68,4742.32,1.17,1.43
20170314,46741.0,47175.3,46434.0,46613.4,307.74,4596.37,-0.29,1.59
20170315,46489.9,46806.7,46262.8,46410.1,300.1,4422.79,-0.44,1.17
20170316,46580.4,47518.6,46580.4,47518.6,374.87,5500.45,2.39,2.02
20170317,47579.4,48110.6,47578.9,47813.3,403.67,5998.77,0.62,1.12
20170320,47861.3,48313.8,47606.9,48042.7,339.43,4954.33,0.48,1.48
20170321,48005.1,48354.8,47906.0,48216.5,321.8,4960.8,0.36,0.93
20170322,47881.8,48512.5,47854.5,48451.4,371.11,5454.96,0.49,1.36
20170323,48535.1,49041.0,48280.7,49028.8,378.57,5784.14,1.19,1.57
20170324,48997.8,49714.3,48996.6,49714.3,403.81,5620.81,1.4,1.46
20170327,49752.6,50381.3,49752.6,49877.7,380.28,5368.52,0.33,1.26
20170328,49807.2,50094.2,49284.1,49339.9,319.69,4655.73,-1.08,1.62
20170329,49342.9,49658.3,49186.2,49223.5,400.27,5395.23,-0.24,0.96
20170330,49049.2,49459.5,48789.6,48957.5,455.74,5816.75,-0.54,1.36
20170331,48946.1,49341.7,48412.8,48739.8,355.33,4632.97,-0.44,1.9
20170405,48997.1,50495.7,48997.1,50495.7,448.92,5756.36,3.6,3.07
20170406,50595.9,51263.9,50578.3,51187.8,435.74,5527.38,1.37,1.36
20170407,51124.7,51760.0,51124.0,51649.2,440.64,5659.91,0.9,1.24
20170410,51630.5,52501.8,51630.5,52209.6,471.59,6251.77,1.09,1.69
20170411,52148.5,54190.6,52148.5,54190.6,547.84,7096.54,3.79,3.91
20170412,54101.3,55030.5,54101.3,54385.6,524.82,6526.89,0.36,1.71
20170413,54196.4,54913.6,54099.0,54262.9,411.75,4927.66,-0.23,1.5
20170414,54330.0,54485.1,53188.0,53352.7,432.45,5106.87,-1.68,2.39
20170417,52931.8,53525.3,52014.0,52356.3,406.43,4999.87,-1.87,2.83
20170418,52339.1,52666.3,51432.1,51549.1,372.5,4674.92,-1.54,2.36
20170419,51253.9,51442.1,50638.5,51060.6,411.17,4931.02,-0.95,1.56
20170420,51070.5,51419.1,50175.3,50591.3,363.83,4645.59,-0.92,2.44
20170421,50547.7,50786.3,49241.4,49366.6,308.85,3822.49,-2.42,3.05
20170424,49220.8,49220.8,47629.7,47714.1,345.79,4115.31,-3.35,3.22
20170425,47791.1,48268.0,47287.1,47384.7,307.03,3866.04,-0.69,2.06
20170426,47264.2,47820.6,47202.6,47427.5,334.48,4303.02,0.09,1.3
20170427,47190.3,48071.5,47030.9,47991.0,415.6,5205.07,1.19,2.19
20170428,47828.3,48498.9,47647.9,47771.6,326.86,4161.26,-0.46,1.77
20170502,47695.1,48092.5,47201.3,47355.6,311.63,4013.13,-0.87,1.87
20170503,47281.4,47538.2,46563.0,46681.8,331.34,4310.24,-1.42,2.06
20170504,46422.6,46966.3,46225.9,46345.7,353.59,4528.36,-0.72,1.59
20170505,46097.7,46438.6,45391.0,45464.7,341.64,4361.98,-1.9,2.26
20170508,45234.5,45434.0,44071.3,44148.9,344.18,4188.93,-2.89,3.0
20170509,43855.6,44310.2,43554.8,43768.2,273.41,3478.94,-0.86,1.71
20170510,43743.6,44092.2,42610.4,42686.7,316.51,4021.68,-2.47,3.39
20170511,42407.8,43010.7,41812.8,43010.7,364.09,4266.3,0.76,2.81
20170512,42913.3,43119.3,42486.0,42666.3,300.23,3733.43,-0.8,1.47
20170515,42799.1,43077.3,42141.0,42193.4,268.35,3493.09,-1.11,2.19
20170516,42005.8,43360.9,41970.6,43360.9,361.0,4603.73,2.77,3.3
20170517,43403.8,44271.9,43403.8,43727.8,360.24,4731.34,0.85,2.0
20170518,43240.2,43849.2,42733.6,42918.3,308.51,3998.31,-1.85,2.55
20170519,42941.8,43155.6,42156.4,42285.0,272.81,3536.54,-1.48,2.33
20170522,42135.2,42481.7,41125.7,41373.6,310.91,3868.26,-2.16,3.21
20170523,41243.5,41527.8,40461.3,40642.0,347.45,4204.1,-1.77,2.58
20170524,40287.3,41076.5,40043.8,40556.7,284.13,3420.85,-0.21,2.54
20170525,40398.4,41235.8,40096.2,41235.8,365.11,4284.62,1.67,2.81
20170526,41280.1,41862.1,40965.0,41057.7,311.31,3793.15,-0.43,2.18
20170531,41547.8,41876.1,40803.9,40892.5,309.24,3887.31,-0.4,2.61
20170601,40673.6,40853.8,39840.2,39999.1,317.83,3817.55,-2.18,2.48
20170602,39786.1,40160.1,39562.9,40105.3,290.49,3410.21,0.27,1.49
20170605,40128.6,40584.6,39751.5,39829.3,266.98,3218.14,-0.69,2.08
20170606,39654.2,39918.9,39073.2,39367.2,241.32,2976.62,-1.16,2.12
20170607,39409.2,40871.6,39397.7,40871.6,367.74,4554.44,3.82,3.74
20170608,40789.6,41344.2,40789.6,41130.6,333.39,4262.09,0.63,1.36
20170609,41100.8,41532.9,41100.8,41388.7,323.35,4051.31,0.63,1.05
20170612,41150.6,41668.1,40858.8,40978.8,303.6,3869.33,-0.99,1.96
20170613,40883.1,41339.2,40883.1,41195.8,282.57,3567.86,0.53,1.11
20170614,41103.9,41495.6,40819.4,40936.5,299.38,3821.65,-0.63,1.64
20170615,40876.7,41562.4,40876.7,41462.8,325.13,4128.63,1.29,1.68
20170616,41410.2,41684.1,41047.8,41121.4,286.82,3629.69,-0.82,1.53
20170619,41113.2,41466.0,40925.0,41151.1,282.42,3507.38,0.07,1.32
20170620,41271.9,41516.1,41096.9,41267.2,316.13,3982.41,0.28,1.02
20170621,41380.0,41759.3,41071.2,41461.4,302.01,3920.11,0.47,1.67
20170622,41386.0,41912.2,41382.5,41582.7,380.75,4777.08,0.29,1.28
20170623,41479.6,41856.0,41108.8,41856.0,325.64,4050.7,0.66,1.8
20170626,41906.9,42938.0,41906.9,42938.0,350.37,4388.35,2.59,2.46
20170627,42899.6,43327.9,42699.1,42896.6,308.46,3826.72,-0.1,1.46
20170628,42803.4,42995.5,42326.5,42446.8,300.15,3714.59,-1.05,1.56
20170629,42499.7,42748.3,42205.0,42353.8,277.97,3512.32,-0.22,1.28
20170630,42164.4,42402.1,41835.5,41983.4,265.29,3376.22,-0.87,1.34
20170703,42085.2,42291.5,41956.4,42170.3,296.48,3694.8,0.45,0.8
20170704,42139.8,42430.6,41851.6,42022.9,301.67,3837.92,-0.35,1.37
20170705,41951.8,42601.5,41951.8,42601.5,317.38,4096.43,1.38,1.55
20170706,42560.1,43331.0,42560.1,43331.0,376.7,4761.25,1.71,1.81
20170707,43245.4,43957.0,43245.4,43957.0,370.94,4659.97,1.44,1.64
20170710,43895.3,44642.9,43895.3,44464.1,410.86,5002.98,1.15,1.7
20170711,44371.0,44838.6,44233.6,44376.0,375.19,4569.86,-0.2,1.36
20170712,44400.9,44731.1,44155.2,44731.1,375.12,4482.26,0.8,1.3
20170713,44693.4,45090.2,44669.2,44958.9,367.07,4377.22,0.51,0.94
20170714,44849.0,45205.0,44352.9,44615.8,320.59,3852.09,-0.76,1.9
20170717,44467.4,44861.6,43219.0,44289.5,509.73,5689.85,-0.73,3.68
20170718,44076.1,44780.0,44076.1,44780.0,366.04,4119.59,1.11,1.59
20170719,44701.7,46579.3,44701.7,46579.3,485.85,5241.06,4.02,4.19
20170720,46489.5,47517.5,46489.5,47328.2,436.01,5028.97,1.61,2.21
20170721,47190.7,47792.3,47099.8,47303.5,384.05,4437.33,-0.05,1.46
20170724,47229.7,48069.1,47229.7,47892.3,429.56,4924.87,1.24,1.77
20170725,47812.8,48242.5,47283.4,47595.3,385.06,4340.24,-0.62,2.0
20170726,47708.0,47939.5,47319.3,47685.4,406.55,4604.32,0.19,1.3
20170727,47616.6,48593.2,47506.3,48593.2,478.45,5520.8,1.9,2.28
20170728,48433.4,48994.7,48433.4,48646.2,388.04,4585.43,0.11,1.16
20170731,48673.2,49817.3,48673.2,49817.3,481.86,5400.18,2.41,2.35
20170801,49800.8,50554.3,49800.8,50334.3,469.56,5415.37,1.04,1.51
20170802,50482.9,51227.6,50482.9,50945.5,514.61,5841.81,1.21,1.48
20170803,50796.6,51690.3,50767.3,51100.2,457.98,5218.11,0.3,1.81
20170804,51109.2,51844.3,51056.7,51128.6,512.75,5665.52,0.06,1.54
20170807,51134.9,51700.3,51066.8,51348.0,424.06,4592.65,0.43,1.24
20170808,51384.3,52005.3,51254.6,51553.6,480.52,5266.93,0.4,1.46
20170809,51543.1,51896.8,51326.6,51724.0,448.32,4969.48,0.33,1.11
20170810,51485.6,52020.4,51237.1,51423.6,458.9,5235.14,-0.58,1.51
20170811,50861.1,51469.7,50085.9,50357.3,485.49,5354.79,-2.07,2.69
20170816,50922.8,51097.9,50642.4,50841.6,393.47,4908.04,0.96,0.9
20170817,51054.5,51475.3,51054.5,51416.8,426.85,5250.32,1.13,0.83
20170818,50988.7,51609.9,50856.6,50996.0,388.64,4795.78,-0.82,1.47
20170821,51186.5,51656.8,50989.2,51162.6,372.37,4552.78,0.33,1.31
20170822,51105.8,51390.8,50581.8,50792.0,377.68,4843.77,-0.72,1.58
20170823,50617.3,50961.7,49767.3,49868.6,350.49,4307.09,-1.82,2.35
20170824,49895.9,49970.3,48696.0,48858.2,325.26,4073.98,-2.03,2.56
20170825,48886.9,49413.6,48886.9,49413.6,379.82,4658.3,1.14,1.08
20170828,49684.6,51393.3,49684.6,51393.3,489.69,6403.64,4.01,3.46
20170829,51319.8,52124.9,51293.5,51520.7,427.83,5648.91,0.25,1.62
20170830,51521.6,52191.0,51521.6,52085.5,451.6,5607.03,1.1,1.3
20170831,52099.8,52522.6,52099.8,52400.0,427.49,5454.36,0.6,0.81
20170901,52346.8,53505.0,52346.8,53505.0,518.37,6402.98,2.11,2.21
20170904,53609.4,54508.0,53609.4,54508.0,520.52,6459.09,1.87,1.68
20170905,54436.7,54903.1,54388.8,54550.3,442.03,5621.54,0.08,0.94
20170906,54373.1,55090.0,54261.8,55079.1,465.27,6007.22,0.97,1.52
20170907,55090.8,55698.7,54966.1,55103.5,471.9,6282.32,0.04,1.33
20170908,55164.6,55669.8,54689.6,55058.6,416.07,5521.27,-0.08,1.78
20170911,55137.8,55916.8,55137.8,55875.6,446.17,5891.0,1.48,1.41
20170912,56033.7,57248.8,56033.7,57062.2,569.48,7563.93,2.12,2.17
20170913,56984.7,57491.9,56772.8,57018.5,411.13,5390.21,-0.08,1.26
20170914,57012.2,57567.1,56584.4,56821.5,457.76,5856.14,-0.35,1.72
20170915,56695.7,57011.8,55999.1,56201.8,446.5,5648.11,-1.09,1.78
20170918,56184.5,56975.9,55933.2,56242.1,395.77,5157.95,0.07,1.86
20170919,56282.8,56554.4,55357.3,55667.2,403.6,5234.03,-1.02,2.13
20170920,55597.3,56052.4,55594.8,55978.0,412.1,5411.81,0.56,0.82
20170921,55968.6,56315.1,55133.7,55154.5,418.2,5520.41,-1.47,2.11
20170922,54877.2,55259.3,54177.3,54334.6,372.85,4868.7,-1.49,1.96
20170925,54203.2,54492.1,52880.2,53025.1,352.51,4679.14,-2.41,2.97
20170926,53047.1,53308.3,51901.6,52235.2,299.78,4010.73,-1.49,2.65
20170927,52225.0,52640.6,51809.4,51893.4,312.71,4176.89,-0.65,1.59
20170928,51806.9,52018.2,51051.2,51108.9,331.49,4410.15,-1.51,1.86
20170929,51252.8,51615.4,50626.1,50835.4,325.19,4339.11,-0.54,1.94
20171009,51905.8,52399.4,51776.2,51952.4,407.12,5376.1,2.2,1.23
20171010,51932.4,52456.9,51931.9,52406.5,393.06,5417.64,0.87,1.01
20171011,52336.9,52927.0,52333.9,52485.9,410.44,5678.82,0.15,1.13
20171012,52428.0,52756.7,51695.4,52172.4,359.59,4808.61,-0.6,2.02
20171013,52181.4,52405.5,51830.6,52012.2,334.31,4582.84,-0.31,1.1
20171016,51986.7,52416.3,51546.9,51568.7,409.71,5453.49,-0.85,1.67
20171017,51453.9,51678.7,50520.9,50661.2,282.01,3891.09,-1.76,2.25
20171018,50715.4,50842.8,49611.4,49927.4,335.2,4415.98,-1.45,2.43
20171019,49835.3,50023.4,48958.5,49155.5,340.23,4329.38,-1.55,2.13
20171020,49064.0,49467.1,48626.6,48771.5,270.74,3622.1,-0.78,1.71
20171023,48806.1,49097.2,48301.2,48396.3,284.67,3833.34,-0.77,1.63
20171024,48282.9,48600.2,47682.0,47916.6,295.69,4068.28,-0.99,1.9
20171025,47880.8,48243.2,47464.2,47724.1,282.42,3889.68,-0.4,1.63
20171026,47680.4,48585.1,47665.7,48460.3,366.7,5116.6,1.54,1.93
20171027,48408.2,48858.5,48168.4,48342.8,346.43,4626.94,-0.24,1.42
20171030,48261.1,48710.7,47890.5,48406.4,430.49,5617.54,0.13,1.7
20171031,48314.5,48776.3,48210.1,48585.7,308.76,4314.63,0.37,1.17
20171101,48574.1,49263.2,48568.6,48752.6,342.82,4813.82,0.34,1.43
20171102,48641.5,49039.0,48213.0,48351.9,347.24,4695.86,-0.82,1.69
20171103,48277.9,48667.5,47590.3,48091.6,351.67,4649.27,-0.54,2.23
20171106,48092.7,48797.3,48092.7,48797.3,332.42,4644.61,1.47,1.47
20171107,48825.8,49654.9,48825.8,49650.2,383.35,5252.71,1.75,1.7
20171108,49548.1,50472.3,49547.7,50259.0,394.67,5578.23,1.23,1.86
20171109,50257.5,50688.1,50053.0,50538.0,343.89,4816.16,0.56,1.26
20171110,50440.2,51391.2,50440.2,51391.2,392.87,5674.78,1.69,1.88
20171113,51415.9,52473.8,51415.9,52473.8,417.36,5958.91,2.11,2.06
20171114,52412.5,53044.1,52333.1,52694.0,413.46,6030.44,0.42,1.35
20171115,52433.9,52908.4,52017.3,52185.1,347.42,5238.73,-0.97,1.69
20171116,52104.8,52665.4,51977.4,52166.1,336.04,4903.4,-0.04,1.32
20171117,52059.4,52552.1,51558.6,52024.1,485.15,6454.99,-0.27,1.9
20171120,51732.2,52601.1,51353.0,52588.8,359.46,4888.87,1.09,2.4
20171121,52426.7,53542.3,52426.7,53488.1,397.39,5621.16,1.71,2.12
20171122,53543.2,54394.4,53400.8,53925.7,409.67,5655.48,0.82,1.86
20171123,53669.0,54099.7,52453.9,52686.3,410.88,5540.06,-2.3,3.05
20171124,52485.5,53152.4,52042.4,52124.0,318.64,4397.93,-1.07,2.11
20171127,51967.7,52136.2,50575.8,50769.4,330.22,4310.03,-2.6,2.99
20171128,50694.7,51215.1,50117.9,50629.4,283.74,3711.04,-0.28,2.16
20171129,50673.6,50870.6,50172.4,50558.7,356.43,4566.84,-0.14,1.38
20171130,50325.5,50847.3,49334.7,49560.5,306.14,4022.3,-1.97,2.99
20171201,49533.9,50126.1,49127.6,49210.7,287.07,3873.37,-0.71,2.01
20171204,49145.3,49553.6,48411.7,48514.8,304.87,4069.74,-1.41,2.32
20171205,48390.0,48661.1,47614.6,48048.5,385.16,4822.52,-0.96,2.16
20171206,47885.4,48313.0,46925.7,47966.2,309.85,3930.68,-0.17,2.89
20171207,47749.4,48058.0,46649.7,46791.1,267.22,3497.35,-2.45,2.94
20171208,46676.2,47258.1,46652.4,46736.1,279.06,3726.42,-0.12,1.29
20171211,46888.2,47440.7,46886.3,47181.2,290.1,4017.42,0.95,1.19
20171212,47144.4,47375.1,46144.9,46168.7,275.29,3783.81,-2.15,2.61
20171213,46073.3,46327.1,45519.6,45832.9,245.44,3358.5,-0.73,1.75
20171214,45779.7,45975.9,45089.7,45267.3,266.27,3578.86,-1.23,1.93
20171215,45129.1,45317.1,44245.1,44439.0,287.65,3763.13,-1.83,2.37
20171218,44438.3,44714.5,43462.0,43629.7,256.45,3423.46,-1.82,2.82
20171219,43645.0,44025.5,43314.6,43522.5,245.15,3326.74,-0.25,1.63
20171220,43473.9,43611.8,42839.7,42984.5,277.56,3623.48,-1.24,1.77
20171221,42907.2,43434.7,42859.0,43311.6,292.62,3848.35,0.76,1.34
20171222,43259.4,43629.8,42656.8,42759.3,252.93,3371.0,-1.28,2.25
20171225,42790.5,43101.4,42192.4,42372.8,294.61,3810.84,-0.9,2.13
20171226,42288.4,42560.0,42049.6,42369.7,282.11,3643.23,-0.01,1.2
20171227,42284.5,42739.5,41953.5,42105.4,317.09,4098.31,-0.62,1.86
20171228,42053.6,42675.7,42053.6,42606.8,334.85,4240.72,1.19,1.48
20171229,42677.5,43081.8,42393.9,42619.4,281.05,3656.25,0.03,1.61
20180102,42740.5,43777.9,42740.5,43777.9,365.54,4452.03,2.72,2.43
20180103,43842.1,45263.1,43827.5,45263.1,411.7,5313.28,3.39,3.28
20180104,45230.1,46140.9,45227.0,46140.9,386.89,4960.82,1.94,2.02
20180105,46160.9,46718.3,46160.9,46649.8,400.46,4986.59,1.1,1.21
20180108,46704.8,47959.8,46704.8,47959.8,439.07,5581.27,2.81,2.69
20180109,47904.5,48450.7,47887.9,48347.0,375.1,4821.44,0.81,1.17
20180110,48319.0,48896.7,48300.5,48741.5,404.91,5159.95,0.82,1.23
20180111,48565.3,49091.9,48543.9,48945.5,363.29,4769.55,0.42,1.12
20180112,48882.7,49390.2,48638.2,48771.0,359.65,4609.45,-0.36,1.54
20180115,48705.2,49406.3,48589.4,48970.8,455.78,5852.91,0.41,1.67
20180116,48849.4,50030.2,48849.4,50030.2,403.83,5349.16,2.16,2.41
20180117,49981.8,51144.0,49981.8,50891.5,474.04,6096.07,1.72,2.32
20180118,50904.4,51590.6,50904.4,51134.9,375.13,4844.96,0.48,1.35
20180119,51234.0,52078.6,51221.5,51586.3,430.39,5410.49,0.88,1.68
20180122,51533.8,52560.3,51533.8,52451.0,397.93,5168.28,1.68,1.99
20180123,52588.9,53210.0,52588.9,53123.8,412.25,5210.72,1.28,1.18
20180124,53171.1,54315.6,53171.1,54315.6,463.14,6004.06,2.24,2.15
20180125,54194.5,55074.2,54181.8,54600.3,456.51,5809.27,0.52,1.64
20180126,54403.1,54902.1,54309.1,54502.6,397.74,5015.71,-0.18,1.09
20180129,54709.3,55248.0,54052.1,54304.8,434.88,5548.2,-0.36,2.19
20180130,54188.0,54531.3,53183.1,53309.3,343.88,4373.7,-1.83,2.48
20180131,52927.1,53371.6,52401.8,52660.9,401.32,4936.4,-1.22,1.82
20180201,52648.3,52943.3,51728.1,52038.6,484.37,5665.5,-1.18,2.31
20180202,51505.0,52520.6,51069.3,52116.4,392.05,4623.81,0.15,2.79
20180205,51587.9,52373.4,51263.1,51931.9,365.87,4470.98,-0.35,2.13
20180206,50782.1,51655.3,50446.9,50571.4,476.44,5590.19,-2.62,2.33
20180207,51694.3,51905.9,50330.5,50578.4,445.64,5261.07,0.01,3.12
20180208,50300.5,51323.4,49893.2,50269.5,355.18,4115.92,-0.61,2.83
20180209,48854.4,49483.5,47829.1,48665.9,448.91,4935.96,-3.19,3.29
20180212,49002.5,49599.8,48837.4,48903.9,297.83,3494.11,0.49,1.57
20180213,49334.3,49988.4,48354.6,48392.6,293.23,3468.71,-1.05,3.34
20180214,48490.8,48566.1,47002.4,47033.2,200.1,2366.84,-2.81,3.23
20180222,47751.4,48255.6,47257.7,47349.1,274.44,3249.81,0.67,2.12
20180223,47370.9,47812.3,46701.5,46801.7,285.89,3323.79,-1.16,2.35
20180226,47294.2,47992.7,47253.9,47989.0,388.26,4669.24,2.54,1.58
20180227,47763.7,48236.6,47509.8,47618.9,369.67,4607.41,-0.77,1.51
20180228,47054.0,47928.0,47019.2,47397.6,337.18,4245.56,-0.46,1.91
20180301,46993.4,47834.5,46993.4,47785.8,348.71,4321.97,0.82,1.77
20180302,47389.8,48177.0,47110.6,47144.1,335.1,4165.71,-1.34,2.23
20180305,47368.1,47598.7,46614.9,46855.8,303.99,3861.1,-0.61,2.09
20180306,47027.6,47908.6,47022.5,47908.6,401.31,4980.59,2.25,1.89
20180307,47797.3,48346.3,47170.4,47283.6,347.41,4282.52,-1.3,2.45
20180308,47278.8,47602.1,46933.8,47197.6,314.69,4027.93,-0.18,1.41
20180309,47269.3,48202.1,47269.3,48202.1,402.47,5117.21,2.13,1.98
20180312,48665.6,49972.8,48665.6,49972.8,467.46,6066.41,3.67,2.71
20180313,49838.7,50398.8,49625.1,49734.0,404.51,5020.89,-0.48,1.55
20180314,49526.3,50003.6,48984.4,49055.6,353.17,4455.4,-1.36,2.05
20180315,48952.8,49340.6,48239.7,48661.0,335.73,4349.8,-0.8,2.24
20180316,48693.5,49029.8,47713.3,47741.1,310.19,3957.88,-1.89,2.71
20180319,47674.3,48175.5,47212.3,47355.0,303.39,3966.47,-0.81,2.02
20180320,46897.8,47474.1,46897.8,47060.1,316.82,4019.5,-0.62,1.22
20180321,47260.5,47844.6,46619.1,46833.5,370.44,4812.81,-0.48,2.6
20180322,46907.1,47183.4,46238.8,46397.5,325.89,4235.8,-0.93,2.02
20180323,44783.5,46179.5,44722.8,45812.3,556.93,6347.34,-1.26,3.14
20180326,45274.3,46693.2,45142.3,46693.2,381.71,4706.52,1.92,3.39
20180327,47386.4,48388.1,47386.4,48321.4,411.51,5401.31,3.49,2.15
20180328,47884.9,48818.9,47653.6,47917.5,367.97,4996.11,-0.84,2.41
20180329,48230.8,48516.0,48095.6,48504.0,362.54,4786.88,1.22,0.88
20180330,48772.5,49350.6,48754.1,49307.4,363.4,4965.43,1.66,1.23
20180402,49530.1,50547.8,49530.1,50043.2,416.09,5742.78,1.49,2.06
20180403,49255.8,50001.2,49046.3,49476.0,360.02,4827.61,-1.13,1.91
20180404,49800.8,50077.1,48800.5,48914.4,339.76,4717.42,-1.14,2.58
20180409,48903.5,49334.9,48431.0,48658.6,324.96,4365.67,-0.52,1.85
20180410,48789.7,49186.0,48396.5,48890.1,367.51,4850.03,0.48,1.62
20180411,49083.5,49629.1,48851.6,49002.3,366.44,4814.0,0.23,1.59
20180412,48885.6,49206.7,48004.2,48086.6,319.62,4285.1,-1.87,2.45
20180413,48421.6,48569.9,47112.3,47173.7,289.07,3961.5,-1.9,3.03
20180416,47073.5,47570.5,46534.7,46875.6,342.12,4504.32,-0.63,2.2
20180417,47022.3,47236.9,45672.5,45759.7,349.1,4661.37,-2.38,3.34
20180418,45856.1,46708.1,45620.4,46664.6,374.54,4941.93,1.98,2.38
20180419,46647.6,47485.4,46638.3,46991.5,363.67,4828.91,0.7,1.82
20180420,46678.0,47213.7,45718.5,45860.8,351.52,4470.85,-2.41,3.18
20180423,45893.0,46456.2,44708.6,45212.5,310.82,3935.71,-1.41,3.81
20180424,45303.4,46475.1,45303.4,46357.6,352.81,4521.51,2.53,2.59
20180425,46094.8,46812.3,45938.7,46072.0,310.38,4193.31,-0.62,1.88
20180426,46016.3,46203.8,44866.2,44963.6,320.01,4248.06,-2.41,2.9
20180427,45313.6,45578.0,44717.8,44792.9,295.6,4118.61,-0.38,1.91
20180502,44946.2,45384.5,44129.4,44369.7,294.4,3849.79,-0.94,2.8
20180503,44251.2,44713.7,43996.2,44713.7,317.36,4072.33,0.78,1.62
20180504,44547.7,44987.4,43946.0,43978.3,269.09,3602.5,-1.64,2.33
20180507,44130.1,44906.3,44111.9,44835.2,312.71,4216.76,1.95,1.81
20180508,44866.3,45461.9,44866.3,45251.4,329.22,4434.97,0.93,1.33
20180509,45178.2,45491.6,44514.2,44736.8,291.83,3823.91,-1.14,2.16
20180510,44899.1,45145.4,44331.7,44716.7,313.55,4124.79,-0.04,1.82
20180511,44804.3,45045.4,44076.7,44122.1,310.53,4139.44,-1.33,2.17
20180514,44208.2,44687.2,43708.9,43925.2,298.53,4069.0,-0.45,2.22
20180515,44040.6,44274.9,43550.2,44025.4,282.09,3778.72,0.23,1.65
20180516,43837.4,44296.0,43516.9,43603.1,295.68,4016.51,-0.96,1.77
20180517,43576.9,43752.3,42683.6,42776.5,264.31,3569.13,-1.9,2.45
20180518,42749.4,42920.1,42154.5,42656.9,290.73,3759.72,-0.28,1.79
20180521,43053.8,43676.2,43053.8,43494.3,355.03,4609.56,1.96,1.46
20180522,43453.7,43781.3,43264.1,43635.0,323.59,4380.45,0.32,1.19
20180523,43461.7,43928.1,43137.6,43210.0,343.86,4604.88,-0.97,1.81
20180524,43196.9,43478.2,42579.3,42704.0,282.12,3819.71,-1.17,2.08
20180525,42682.1,42881.1,41960.9,42101.6,300.74,3982.86,-1.41,2.15
20180528,42193.5,42553.9,41715.7,41826.7,297.89,3977.74,-0.65,1.99
20180529,41723.1,42198.7,41298.9,41389.2,303.73,4073.87,-1.05,2.15
20180530,40611.0,41335.3,40292.8,40442.8,351.95,4377.5,-2.29,2.52
20180531,40993.6,41377.6,40805.9,41377.6,313.06,4069.51,2.31,1.41
20180601,41132.1,41640.2,40405.4,40642.6,292.13,3752.17,-1.78,2.98
20180604,40883.7,41097.6,40260.3,40329.4,259.95,3454.51,-0.77,2.06
20180605,40351.9,40889.3,40351.9,40889.3,271.19,3705.13,1.39,1.33
20180606,40816.6,41241.6,40546.1,40657.8,265.36,3597.43,-0.57,1.7
20180607,40666.2,41083.4,40131.0,40196.8,275.04,3598.95,-1.13,2.34
20180608,40043.7,40227.0,39261.6,39571.2,286.09,3538.78,-1.56,2.4
20180611,39477.3,39810.9,38802.7,38929.4,239.47,3206.92,-1.62,2.55
20180612,39037.6,39182.9,38770.3,39177.5,255.44,3508.28,0.64,1.06
20180613,39033.5,39415.2,38274.0,38362.1,262.11,3426.82,-2.08,2.91
20180614,38135.3,38750.4,37618.9,37759.0,245.81,3171.58,-1.57,2.95
20180615,37703.9,37888.2,36937.8,37099.1,303.86,3557.51,-1.75,2.52
20180619,36353.9,36819.7,35641.6,36274.2,443.75,4731.16,-2.22,3.18
20180620,36031.5,36968.8,35999.9,36711.0,313.83,3479.51,1.2,2.67
20180621,36632.2,37256.0,35930.7,35978.9,327.29,3560.98,-1.99,3.61
20180622,35537.4,36512.1,35516.6,36091.8,278.31,2991.14,0.31,2.77
20180625,36475.7,36706.2,35539.8,35582.4,271.61,3077.09,-1.41,3.23
20180626,35035.1,36173.4,35035.1,35675.3,288.96,3256.23,0.26,3.2
20180627,35742.6,36047.0,34964.1,35178.3,288.1,3260.22,-1.39,3.04
20180628,35017.7,35558.3,34326.1,34428.2,271.83,3059.33,-2.13,3.5
20180629,34614.2,35546.4,34511.4,35546.4,306.8,3428.87,3.25,3.01
20180702,35688.1,36049.4,34839.6,35213.5,318.04,3574.18,-0.94,3.4
20180703,35322.1,35975.0,34820.6,35975.0,335.74,3936.77,2.16,3.28
20180704,35751.9,36054.5,34898.6,35064.1,294.43,3295.14,-2.53,3.21
20180705,35007.5,35319.5,34003.5,34133.6,292.66,3153.11,-2.65,3.75
20180706,34137.6,35003.9,33664.9,34481.5,322.33,3562.08,1.02,3.92
20180709,34701.9,35354.0,34660.9,35253.5,283.21,3257.54,2.24,2.01
20180710,35290.1,35747.9,34948.7,35288.3,280.65,3258.34,0.1,2.27
20180711,34542.4,35223.8,34122.6,34601.0,305.59,3409.18,-1.95,3.12
20180712,34654.4,36084.1,34654.4,36061.9,358.08,4155.34,4.22,4.13
20180713,36071.8,36519.7,36028.8,36185.2,304.45,3658.69,0.34,1.36
20180716,36210.3,36512.2,35821.1,35931.9,274.87,3252.24,-0.7,1.91
20180717,35833.0,35972.7,35091.9,35545.2,265.18,3085.11,-1.08,2.45
20180718,35661.0,35930.1,35081.5,35105.5,295.98,3372.4,-1.24,2.39
20180719,35132.8,35483.2,34417.6,34549.7,275.88,3107.78,-1.58,3.04
20180720,34484.2,35120.3,34379.8,35113.7,315.53,3481.82,1.63,2.14
20180723,34859.6,35997.1,34859.2,35997.1,372.78,4107.79,2.52,3.24
20180724,36107.5,37782.2,36107.5,37782.2,473.65,4925.31,4.96,4.65
20180725,37840.7,38416.2,37828.8,38000.4,380.55,3970.95,0.58,1.55
20180726,38013.6,38323.6,37528.4,37673.1,397.18,3800.73,-0.86,2.09
20180727,37641.0,37889.5,36973.9,37023.5,334.95,3105.2,-1.72,2.43
20180730,37000.1,37401.1,36168.1,36430.9,329.6,3264.86,-1.6,3.33
20180731,36368.5,36626.1,35618.2,35811.9,266.6,2729.44,-1.7,2.77
20180801,36021.1,36376.7,35083.7,35152.6,322.35,3282.8,-1.84,3.61
20180802,34989.3,35097.3,34044.1,34845.9,384.68,3789.17,-0.87,3.0
20180803,34726.8,34990.2,33818.2,33825.7,279.5,2845.58,-2.93,3.36
20180806,33667.8,34162.9,32702.6,32931.3,288.25,2907.12,-2.64,4.32
20180807,33107.9,33932.0,32871.8,33932.0,321.11,3164.34,3.04,3.22
20180808,33772.8,34123.6,33112.8,33161.9,318.93,3050.55,-2.27,2.98
20180809,33080.3,34466.5,32972.2,34277.9,351.13,3468.26,3.37,4.51
20180810,34278.3,34855.5,34038.8,34200.1,280.88,2880.11,-0.23,2.38
20180813,33707.3,34290.7,33707.3,34218.9,288.03,3003.46,0.05,1.71
20180814,34139.1,34436.7,33515.9,33588.5,261.36,2682.44,-1.84,2.69
20180815,33581.4,33633.4,32489.7,32550.2,279.09,2777.25,-3.09,3.41
20180816,32218.6,32986.3,31885.8,31938.3,276.8,2704.49,-1.88,3.38
20180817,32289.3,32410.6,30973.1,31084.3,264.82,2652.83,-2.67,4.5
20180820,31165.5,31453.7,30507.1,31206.7,260.23,2645.09,0.39,3.05
20180823,30761.2,31088.0,30410.4,30625.7,238.28,2520.32,-1.86,2.17
20180824,30521.1,30730.5,30089.8,30153.7,240.75,2390.22,-1.54,2.09
20180827,30257.8,31232.2,30257.8,31232.2,310.76,3230.42,3.58,3.23
20180828,31283.3,31705.3,31097.1,31253.5,280.89,2912.23,0.07,1.95
20180829,31181.8,31387.9,30619.0,30708.2,254.12,2461.52,-1.74,2.46
20180830,30719.8,30857.9,29903.0,29967.8,263.07,2532.78,-2.41,3.11
20180831,29788.8,30045.1,29298.4,29355.9,248.3,2483.47,-2.04,2.49
20180903,29304.4,29373.0,28866.4,29189.2,247.17,2428.57,-0.57,1.73
20180904,29145.9,29530.2,28968.9,29517.3,270.13,2677.33,1.12,1.92
20180905,29383.5,29719.2,28873.9,28891.1,271.08,2585.69,-2.12,2.86
20180906,28779.4,29253.5,28427.3,28557.1,243.22,2493.69,-1.16,2.86
20180907,28560.4,29254.2,28434.2,28578.2,267.62,2719.02,0.07,2.87
20180910,28590.6,28712.0,27890.5,27920.9,258.69,2476.59,-2.3,2.87
20180911,27923.4,28149.5,27495.2,27622.0,235.51,2209.5,-1.07,2.34
20180912,27594.2,27921.9,27127.1,27192.0,217.86,2176.27,-1.56,2.88
20180913,27614.4,27735.5,27074.6,27450.3,263.12,2607.15,0.95,2.43
20180914,27457.2,27704.1,27050.4,27098.2,259.8,2506.38,-1.28,2.38
20180917,26857.9,27088.2,26345.3,26356.4,229.94,2066.67,-2.74,2.74
20180918,26269.4,26976.4,26176.6,26976.4,276.01,2534.98,2.35,3.03
20180919,26908.4,28054.2,26908.4,27916.4,341.71,3196.52,3.48,4.25
20180920,27918.2,28349.3,27715.7,27785.5,288.97,2502.84,-0.47,2.27
20180921,27912.7,28871.2,27830.0,28871.2,355.18,3212.42,3.91,3.75
20180925,28629.9,29241.4,28545.3,28595.0,261.72,2422.39,-0.96,2.41
20180926,28689.9,29379.9,28674.6,29229.6,322.14,3101.39,2.22,2.47
20180927,29155.3,29501.4,28941.1,28971.5,315.09,2858.6,-0.88,1.92
20180928,29066.9,29315.1,29016.0,29198.3,289.36,2629.69,0.78,1.03
20181008,28591.9,29036.2,28237.2,28307.3,313.58,2886.25,-3.05,2.74
20181009,28415.2,28743.9,27951.9,28090.9,251.12,2316.55,-0.76,2.8
20181010,28185.6,28440.2,27760.8,27859.5,252.43,2358.08,-0.82,2.42
20181011,26859.8,27589.3,26789.9,27063.4,431.2,3581.14,-2.86,2.87
20181012,26944.9,27787.6,26693.1,27674.1,379.66,3086.06,2.26,4.04
20181015,27764.6,28185.5,27074.5,27134.1,275.78,2385.64,-1.95,4.01
20181016,27162.9,27496.4,26344.7,26522.0,276.6,2358.08,-2.26,4.24
20181017,26999.0,27003.0,26155.1,26759.0,300.77,2583.22,0.89,3.2
20181018,26462.8,26737.8,25827.2,25905.8,287.41,2394.69,-3.19,3.4
20181019,25485.4,27007.8,25485.4,27007.8,331.5,2867.35,4.25,5.88
20181022,27450.2,29902.7,27450.2,29760.8,468.79,4215.83,10.19,9.08
20181023,29733.2,30314.0,29582.8,29816.1,398.98,3573.05,0.19,2.46
20181024,29746.5,30603.9,29746.5,29967.2,342.74,2969.3,0.51,2.88
20181025,29028.3,30001.2,29016.6,30001.2,353.2,2923.52,0.11,3.29
20181026,30288.6,30727.4,29781.2,29906.8,342.91,2824.3,-0.31,3.15
20181029,29795.2,30030.9,29014.7,29142.9,289.03,2552.31,-2.55,3.4
20181030,29119.5,30173.6,29036.9,29808.1,355.12,3107.2,2.28,3.9
20181031,29844.1,30771.5,29844.1,30542.7,374.58,3146.46,2.46,3.11
20181101,30919.3,31970.5,30919.3,31565.6,436.25,3830.73,3.35,3.44
20181102,32425.5,33873.4,32425.5,33873.4,492.71,4509.49,7.31,4.59
20181105,33819.5,34739.8,33819.5,34464.1,452.91,3933.21,1.74,2.72
20181106,34285.8,34492.2,33876.0,34116.1,373.49,3137.02,-1.01,1.79
20181107,34220.6,34733.8,34017.1,34045.2,399.39,3387.14,-0.21,2.1
20181108,34361.0,34438.8,33483.8,33534.4,368.4,2964.03,-1.5,2.81
20181109,33300.7,33773.4,32899.2,32912.8,345.8,2741.05,-1.85,2.61
20181112,32914.5,33811.9,32869.8,33811.9,424.18,3390.07,2.73,2.86
20181113,33400.9,35365.0,33400.9,35324.5,602.26,4552.42,4.47,5.81
20181114,35294.9,36015.6,35294.9,35634.7,552.46,4106.58,0.88,2.04
20181115,35659.6,36533.8,35659.6,36533.8,488.96,4036.0,2.52,2.45
20181116,36533.4,37783.7,36533.4,37668.2,558.88,4753.16,3.11,3.42
20181119,37703.4,38391.0,37703.4,38343.8,526.29,4397.76,1.79,1.83
20181120,37932.6,38547.6,37491.6,37592.4,500.46,4215.98,-1.96,2.75
20181121,37145.3,38091.0,37145.3,37522.7,423.27,3469.66,-0.19,2.52
20181122,37689.3,37863.5,36834.3,36861.5,373.91,3051.46,-1.76,2.74
20181123,36724.7,36798.3,35356.5,35365.8,454.33,3581.92,-4.06,3.91
20181126,35351.3,35705.4,34365.2,34445.5,318.67,2547.68,-2.6,3.79
20181127,34740.8,34857.2,33692.5,33831.1,306.58,2508.58,-1.78,3.38
20181128,33803.4,34063.9,33501.5,33801.5,364.77,2921.13,-0.09,1.66
20181129,34036.6,34279.3,32779.6,32779.6,379.35,3104.0,-3.02,4.44
20181130,32722.1,32996.0,32045.7,32576.4,327.84,2669.17,-0.62,2.9
20181203,33693.0,34725.1,33632.4,34426.5,474.71,4246.84,5.68,3.35
20181204,34338.0,34863.4,34290.6,34571.8,393.38,3300.76,0.42,1.66
20181205,33933.9,34791.4,33933.9,34234.0,380.0,3220.4,-0.98,2.48
20181206,33942.3,34329.3,33328.8,33340.1,350.29,3107.36,-2.61,2.92
20181207,33479.6,33618.1,32605.6,32653.7,276.28,2407.9,-2.06,3.04
20181210,32428.6,32717.2,31732.9,31748.3,281.44,2405.42,-2.77,3.01
20181211,31893.2,32055.4,31137.7,31262.2,261.28,2183.22,-1.53,2.89
20181212,31415.7,31578.3,30604.1,30618.3,265.64,2225.5,-2.06,3.12
20181213,30709.6,31426.9,30602.2,31050.2,347.73,3046.63,1.41,2.69
20181214,30929.8,31080.7,30162.9,30243.7,345.13,2918.26,-2.6,2.96
20181217,30171.8,30452.3,29714.0,29878.6,276.6,2381.24,-1.21,2.44
20181218,29696.2,30014.1,29102.8,29219.1,273.39,2298.4,-2.21,3.05
20181219,29270.7,29323.1,28281.8,28349.4,253.79,2170.63,-2.98,3.56
20181220,28311.0,28650.8,27993.1,28098.3,273.64,2310.22,-0.89,2.32
20181221,27981.2,28102.6,27366.9,27570.8,276.62,2361.03,-1.88,2.62
20181224,27557.4,27982.9,27257.9,27377.1,240.97,2132.09,-0.7,2.63
20181225,27019.6,27350.8,26764.1,27281.5,336.87,2757.59,-0.35,2.14
20181226,27259.2,27489.4,26833.4,26859.2,269.88,2312.4,-1.55,2.4
20181227,27302.2,27398.4,26463.4,26475.9,313.13,2637.97,-1.43,3.48
20181228,26557.2,26902.8,26257.1,26399.8,274.79,2396.75,-0.29,2.44
20190102,26701.1,26792.2,26189.1,26202.2,256.43,2261.3,-0.75,2.28
20190103,26165.0,26658.8,25918.6,25970.4,296.87,2518.84,-0.88,2.82
20190104,25679.8,27252.8,25679.8,27252.8,399.99,3220.27,4.94,6.06
20190107,27498.7,28391.7,27489.0,28391.7,425.4,3470.6,4.18,3.31
20190108,28315.4,28842.2,28314.5,28501.6,387.03,2995.54,0.39,1.86
20190109,28610.0,29682.8,28606.3,29448.9,458.01,3789.71,3.32,3.78
20190110,29433.6,29895.2,29373.9,29493.2,386.9,3132.04,0.15,1.77
20190111,29495.5,29945.4,29495.5,29657.0,366.07,2959.56,0.56,1.53
20190114,29695.6,29951.1,29222.2,29303.4,360.46,2830.29,-1.19,2.46
20190115,29224.5,29890.2,29202.4,29890.2,382.96,3193.83,2.0,2.35
20190116,29874.9,30300.1,29821.5,29855.7,364.92,3044.44,-0.12,1.6
20190117,29831.2,30064.8,29535.4,29611.8,372.24,2939.69,-0.82,1.77
20190118,29689.8,30137.5,29689.8,30107.0,410.92,3264.31,1.67,1.51
20190121,30165.0,30841.9,30165.0,30452.8,368.01,3129.66,1.15,2.25
20190122,30395.1,30585.4,29856.3,29933.2,340.7,2785.02,-1.71,2.39
20190123,29815.2,30093.8,29438.9,29510.1,299.64,2438.55,-1.41,2.19
20190124,29558.9,29986.2,29533.9,29652.1,355.62,3003.72,0.48,1.53
20190125,29686.2,30020.6,29608.3,29659.6,370.95,3127.13,0.03,1.39
20190128,29881.7,30358.6,29525.1,29563.5,349.15,2996.39,-0.32,2.81
20190129,29424.4,29546.3,29110.5,29246.1,364.06,2936.06,-1.07,1.47
20190130,29041.8,29395.4,28422.6,28444.0,283.46,2371.0,-2.74,3.33
20190131,28507.2,28887.3,28084.1,28313.7,360.14,2855.85,-0.46,2.82
20190201,28579.2,28947.4,28536.8,28947.4,312.58,2615.51,2.24,1.45
20190211,29153.1,30185.6,29153.1,30185.6,366.01,3196.04,4.28,3.57
20190212,30176.0,31177.6,30176.0,31158.4,442.27,3648.95,3.22,3.32
20190213,31156.8,33120.1,31144.5,33120.1,561.05,4737.48,6.3,6.34
20190214,33119.2,34098.1,33119.1,34055.5,506.33,4170.98,2.82,2.96
20190215,33948.6,34731.3,33948.6,34479.6,502.47,4180.36,1.25,2.3
20190218,34893.7,37386.5,34893.7,37386.5,656.23,5472.82,8.43,7.23
20190219,37595.8,39311.9,37595.8,39311.9,724.44,6054.03,5.15,4.59
20190220,39336.4,40240.5,39336.4,40149.4,610.98,4990.13,2.13,2.3
20190221,40074.5,41923.0,40059.4,41645.3,729.04,6181.52,3.73,4.64
20190222,41570.7,44234.0,41570.7,44234.0,717.43,6218.0,6.22,6.4
20190225,45412.4,51408.8,45412.4,51408.8,1170.43,10395.72,16.22,13.56
20190226,51694.2,55985.5,51466.5,55295.6,1252.98,10968.04,7.56,8.79
20190227,55142.8,57405.8,55142.8,57195.4,1023.8,8905.91,3.44,4.09
20190228,57061.9,58326.4,56931.5,57313.0,770.84,6618.46,0.21,2.44
20190301,57630.2,58506.1,57411.9,58453.8,744.93,6640.31,1.99,1.91
20190304,59365.5,63006.9,59307.6,62606.5,1130.41,10457.67,7.1,6.33
20190305,62280.5,65548.8,62229.8,65548.8,986.33,8959.16,4.7,5.3
20190306,66060.1,69463.8,66060.1,69450.5,1245.91,11055.8,5.95,5.19
20190307,69386.4,73389.3,69278.2,72908.8,1267.69,11659.05,4.98,5.92
20190308,70633.5,74808.7,70433.5,72005.1,1285.69,11833.57,-1.24,6.0
20190311,73057.9,75060.4,72895.4,75054.1,983.66,9439.74,4.23,3.01
20190312,75765.7,78478.8,75765.7,78178.7,1173.48,11364.75,4.16,3.61
20190313,78194.8,79154.3,76717.6,77295.2,1067.97,10506.21,-1.13,3.12
20190314,76478.9,77728.1,73990.5,74802.9,854.2,8120.01,-3.22,4.84
20190315,75552.1,76617.9,74439.0,74879.2,762.34,7500.22,0.1,2.91
20190318,75209.0,76672.7,74673.3,76672.7,836.65,8321.4,2.4,2.67
20190319,76651.6,78133.4,75867.2,76233.9,781.89,7752.94,-0.57,2.96
20190320,76023.5,76750.4,74701.8,75671.9,808.95,7795.6,-0.74,2.69
20190321,75874.6,77335.2,75797.6,76445.9,929.19,8854.74,1.02,2.03
20190322,76384.0,76883.3,75561.8,76128.7,831.68,8014.34,-0.41,1.73
20190325,74687.6,76867.6,74687.6,74868.1,840.16,8189.41,-1.66,2.86
20190326,75470.3,75573.1,72337.5,72566.1,801.47,7679.66,-3.07,4.32
20190327,73336.4,73439.5,71637.9,72110.7,667.77,6645.04,-0.63,2.48
20190328,71650.0,73099.0,70113.2,70153.0,652.91,6634.37,-2.71,4.14
20190329,70296.3,72913.1,70195.9,72913.1,809.78,8358.53,3.93,3.87
20190401,73832.2,77377.6,73832.2,77257.7,1004.48,10431.82,5.96,4.86
20190402,77705.2,79492.8,77705.2,78723.0,1003.17,10379.43,1.9,2.31
20190403,78114.4,80041.8,78102.6,80038.4,920.72,9328.17,1.67,2.46
20190404,80577.9,82018.4,80577.9,81344.5,981.97,10042.05,1.63,1.8
20190408,82251.7,83308.3,81322.3,82304.7,1048.27,10663.48,1.18,2.44
20190409,82011.9,83086.7,81157.7,81857.9,803.56,8397.88,-0.54,2.34
20190410,81251.5,82356.4,81088.7,81586.4,853.89,8984.36,-0.33,1.55
20190411,81538.0,82134.6,79227.5,79334.6,796.58,8169.12,-2.76,3.56
20190412,79324.0,79962.3,77290.5,77632.0,660.19,6568.74,-2.15,3.37
20190415,79127.2,80148.0,76469.0,76513.9,751.49,7753.1,-1.44,4.74
20190416,75840.6,77971.2,75779.8,77971.2,769.08,7906.75,1.9,2.86
20190417,77975.0,79193.0,77957.0,78249.2,810.51,8298.07,0.36,1.59
20190418,78169.1,78960.2,76790.9,76943.3,747.9,7530.88,-1.67,2.77
20190419,76808.3,77667.7,76016.3,76556.6,724.13,7200.98,-0.5,2.15
20190422,76843.3,77394.1,74902.0,75151.4,789.79,8038.74,-1.84,3.26
20190423,74929.7,75503.3,73172.8,73386.5,731.48,7326.91,-2.35,3.1
20190424,73638.8,73905.0,72277.2,72879.5,645.12,6519.99,-0.69,2.22
20190425,72376.0,72957.1,69631.9,69719.0,755.32,7330.39,-4.34,4.56
20190426,69275.6,70051.7,67784.7,67823.4,620.12,6237.05,-2.72,3.25
20190429,67982.1,68028.8,65208.0,65327.9,648.03,6454.25,-3.68,4.16
20190430,65016.2,66210.5,64009.2,64323.6,485.69,4963.05,-1.54,3.37
20190506,61808.5,62965.2,59697.9,59939.0,681.14,6572.87,-6.82,5.08
20190507,60552.4,61444.5,58977.8,59969.6,549.52,5377.55,0.05,4.12
20190508,58629.1,60752.1,58543.0,58647.6,520.68,4885.42,-2.2,3.68
20190509,58036.0,58840.8,56536.5,56572.5,444.63,4338.13,-3.54,3.93
20190510,57661.8,58884.5,56224.3,58861.0,628.52,6098.94,4.05,4.7
20190513,58642.4,59190.5,57115.8,57214.1,480.19,4660.45,-2.8,3.52
20190514,56605.5,57789.3,55707.9,55753.3,466.68,4553.8,-2.55,3.64
20190515,56434.1,56804.8,56097.5,56403.2,519.05,5126.03,1.17,1.27
20190516,56366.1,57114.9,55921.8,56043.8,558.31,5220.32,-0.64,2.12
20190517,56136.1,56291.5,53795.7,54081.9,614.97,5734.7,-3.5,4.45
20190520,54016.4,54458.6,52776.4,53012.9,484.04,4625.15,-1.98,3.11
20190521,52985.6,54286.8,52853.7,53367.8,498.56,4793.1,0.67,2.7
20190522,53271.5,54020.6,52120.5,52354.3,481.77,4691.59,-1.9,3.56
20190523,52054.1,52329.5,50299.8,50475.0,476.01,4644.64,-3.59,3.88
20190524,50369.0,50900.0,48883.0,48901.2,395.65,3807.6,-3.12,4.0
20190527,49029.0,49871.7,48527.9,49706.0,467.22,4525.04,1.65,2.75
20190528,49705.6,50467.8,49219.0,49684.7,499.44,4992.29,-0.04,2.51
20190529,49465.1,50074.1,49114.0,49173.6,446.76,4458.01,-1.03,1.93
20190530,48902.7,49122.5,47870.2,48255.5,469.76,4534.16,-1.87,2.55
20190531,48236.5,48957.4,47504.1,47533.7,443.73,4373.4,-1.5,3.01
20190603,47790.5,48235.2,46718.1,46760.4,489.11,4790.24,-1.63,3.19
20190604,46688.6,46894.6,45178.2,45473.4,427.04,4223.1,-2.75,3.67
20190605,46011.3,46017.1,44736.3,44837.9,405.66,4076.44,-1.4,2.82
20190606,44695.8,44891.1,43079.8,43226.4,407.39,3865.46,-3.59,4.04
20190610,43308.1,43957.8,43072.7,43148.8,371.64,3665.99,-0.18,2.05
20190611,43381.4,45783.4,43375.0,45783.4,576.51,5651.66,6.11,5.58
20190612,45577.7,46505.4,45535.5,45574.5,535.7,5132.52,-0.46,2.12
20190613,45604.4,46019.4,45417.8,45465.4,481.32,4496.53,-0.24,1.32
20190614,45534.2,45834.8,44106.4,44265.8,488.81,4487.49,-2.64,3.8
20190617,44263.2,44764.9,43181.8,43264.4,358.95,3355.89,-2.26,3.58
20190618,43323.3,43409.0,42175.1,42248.9,341.16,3216.72,-2.35,2.85
20190619,43477.6,44270.4,43274.5,43336.4,505.75,5038.34,2.57,2.36
20190620,43308.5,45525.4,43296.2,45515.6,608.22,6027.39,5.03,5.14
20190621,45907.8,47438.5,45907.8,47263.4,638.38,6214.56,3.84,3.36
20190624,47341.8,48008.6,47007.3,47223.2,496.71,4948.58,-0.09,2.12
20190625,47081.3,47336.5,46639.7,46956.7,524.47,5131.37,-0.56,1.48
20190626,46466.7,47255.9,45929.4,45977.0,398.75,3915.66,-2.09,2.82
20190627,46214.6,47133.4,46178.0,46415.4,454.18,4756.05,0.95,2.08
20190628,46289.6,46542.2,45198.3,45387.2,424.4,4153.14,-2.22,2.9
20190701,46593.0,47989.0,46489.1,47968.5,588.18,6137.64,5.69,3.3
20190702,47938.6,48888.3,47894.8,48272.8,520.85,5384.61,0.63,2.07
20190703,48142.2,48454.3,47535.7,47775.1,472.7,4879.27,-1.03,1.9
20190704,47893.0,48304.1,46879.8,47103.5,427.19,4383.35,-1.41,2.98
20190705,47113.6,47275.3,46453.2,46514.7,355.72,3740.73,-1.25,1.75
20190708,46244.5,46252.5,45093.5,45115.8,472.09,4678.95,-3.01,2.49
20190709,45117.7,45382.0,44273.6,44366.1,332.95,3516.4,-1.66,2.46
20190710,44471.4,44546.5,42973.4,43167.8,322.48,3314.01,-2.7,3.55
20190711,43471.9,43962.0,42349.2,42459.6,333.76,3482.93,-1.64,3.74
20190712,42462.2,42954.5,41801.9,41844.9,323.66,3298.59,-1.45,2.71
20190715,41565.1,42901.6,41460.2,42365.6,408.98,4222.71,1.24,3.44
20190716,42253.1,42704.3,41746.5,41816.0,342.84,3523.01,-1.3,2.26
20190717,41713.5,42264.2,41456.0,41525.7,384.33,3813.7,-0.69,1.93
20190718,41366.9,41550.2,40412.0,40429.7,372.05,3629.26,-2.64,2.74
20190719,40703.8,41380.1,40159.3,40241.0,349.71,3498.17,-0.47,3.02
20190722,40272.6,40289.7,39049.7,39093.5,383.09,3654.69,-2.85,3.08
20190723,39125.3,39526.7,38701.1,38783.1,290.17,3003.49,-0.79,2.11
20190724,38948.1,39825.9,38948.1,39147.6,362.74,3774.22,0.94,2.26
20190725,39139.2,39584.2,39008.7,39230.0,350.86,3701.21,0.21,1.47
20190726,39054.9,39476.4,38729.0,38806.4,319.8,3321.21,-1.08,1.91
20190729,38812.0,39156.4,38296.7,38386.5,309.55,3228.8,-1.08,2.22
20190730,38445.4,39118.4,38258.8,38347.2,349.84,3595.2,-0.1,2.24
20190731,38302.3,38567.6,37777.3,37836.4,320.81,3330.1,-1.33,2.06
20190801,37582.5,38152.3,37344.4,37472.5,324.79,3447.1,-0.96,2.14
20190802,36743.0,37692.9,36732.0,37374.2,402.67,4117.66,-0.26,2.56
20190805,37247.1,38038.3,36962.9,37036.6,363.21,3817.14,-0.9,2.88
20190806,36354.6,37603.6,36354.6,37393.6,495.12,4809.32,0.96,3.37
20190807,37726.9,38008.7,36954.6,36958.4,340.38,3504.23,-1.16,2.82
20190808,37192.0,37628.7,36950.1,37007.1,321.05,3383.48,0.13,1.84
20190809,37273.6,37559.6,36356.7,36454.2,338.81,3577.97,-1.49,3.25
20190812,36628.2,37021.3,36472.5,37021.3,311.09,3410.94,1.56,1.51
20190813,36679.4,37164.9,36330.1,36400.7,297.66,3198.88,-1.68,2.25
20190814,36892.3,37462.8,36576.1,36667.9,347.71,3821.26,0.73,2.44
20190815,35842.7,36979.0,35842.7,36979.0,362.1,3758.25,0.85,3.1
20190816,36997.9,37818.7,36997.9,37462.0,366.1,4127.03,1.31,2.22
20190819,37950.0,40096.9,37950.0,40096.9,514.47,5635.73,7.03,5.73
20190820,40060.5,41114.7,40060.5,40827.4,480.61,5097.72,1.82,2.63
20190821,40767.0,41320.8,40767.0,41007.1,404.31,4370.77,0.44,1.36
20190822,41167.3,41672.2,41030.0,41201.6,403.96,4289.05,0.47,1.57
20190823,41266.1,41820.6,41235.5,41498.3,417.67,4543.27,0.72,1.42
20190826,41387.0,41995.5,40823.0,41463.1,424.91,4511.86,-0.08,2.83
20190827,41778.0,43311.1,41775.7,43163.2,517.84,5490.0,4.1,3.7
20190828,43119.0,43719.3,43119.0,43377.6,466.79,4839.29,0.5,1.39
20190829,43456.6,44114.6,43456.6,43580.4,448.56,4677.04,0.47,1.52
20190903,45724.2,46500.0,45704.4,46495.1,495.21,5472.46,6.69,1.83
20190904,46399.3,47668.3,46399.3,47668.3,553.45,5939.27,2.52,2.73
20190905,48151.2,50615.8,48151.2,50331.9,733.43,7872.45,5.59,5.17
20190906,50616.2,51499.4,50522.3,51086.2,546.01,6227.7,1.5,1.94
20190909,51707.3,53420.3,51631.9,53420.3,628.81,7086.22,4.57,3.5
20190910,53418.4,54309.7,53389.6,54049.8,620.14,6880.51,1.18,1.72
20190911,54169.6,54878.4,53807.2,53965.3,580.03,6358.46,-0.16,1.98
20190912,54189.6,54533.1,53720.1,53935.8,484.58,5293.82,-0.05,1.51
20190916,54195.4,54926.2,53836.1,54116.0,539.07,5764.28,0.33,2.02
20190917,53863.5,54174.8,52716.7,52981.8,550.25,5800.26,-2.1,2.69
20190918,53382.1,53643.8,52430.5,52530.4,422.98,4803.78,-0.85,2.29
20190919,52651.9,53064.1,52189.9,52514.0,426.31,4842.5,-0.03,1.66
20190920,52638.2,53239.7,52153.2,52463.2,461.92,5414.73,-0.1,2.07
20190923,52208.5,52628.6,51394.0,51793.6,438.47,5026.66,-1.28,2.35
20190924,51811.9,52616.3,51712.6,51801.5,446.26,5382.35,0.02,1.74
20190925,51364.4,51778.4,50479.5,50518.9,452.15,5165.33,-2.48,2.51
20190926,50524.7,50747.6,48936.4,48971.1,475.25,5284.8,-3.06,3.59
20190927,49026.4,49659.1,48333.9,48435.5,347.05,3916.82,-1.09,2.71
20190930,48481.8,48807.2,46600.6,46609.6,298.62,3409.16,-3.77,4.56
20191008,46854.3,47359.4,45766.0,45800.3,313.23,3664.47,-1.74,3.42
20191009,45555.3,46166.2,45260.8,45368.1,318.24,3608.76,-0.94,1.98
20191010,45332.7,46057.4,45328.2,45633.5,356.05,4151.28,0.58,1.61
20191011,45744.2,45992.8,45584.7,45644.9,404.27,4514.66,0.02,0.89
20191014,46261.2,47532.7,46259.6,46887.0,493.36,5282.51,2.72,2.79
20191015,46619.5,46965.6,45979.6,46029.7,421.55,4539.75,-1.83,2.1
20191016,46234.1,46778.4,45483.9,45527.6,381.71,4171.03,-1.09,2.81
20191017,45662.8,46000.6,44655.3,44762.2,328.05,3556.76,-1.68,2.95
20191018,44822.9,45112.7,43748.1,43817.7,386.41,4085.64,-2.11,3.05
20191021,43837.1,44125.4,42979.1,43246.2,340.88,3639.52,-1.3,2.62
20191022,43333.0,43818.0,42815.8,43073.9,323.84,3519.85,-0.4,2.32
20191023,43034.3,43316.0,42035.5,42156.7,337.38,3583.33,-2.13,2.97
20191024,42121.1,42498.3,41468.8,41558.4,332.17,3523.02,-1.42,2.44
20191025,41531.8,41917.3,41494.8,41823.4,360.3,3987.09,0.64,1.02
20191028,42431.7,43647.0,42431.7,43511.2,470.48,5109.55,4.04,2.91
20191029,43503.7,44336.9,43503.7,43628.4,485.58,5296.89,0.27,1.91
20191030,43423.5,44205.9,43235.0,43385.3,428.56,4578.59,-0.56,2.23
20191031,43453.3,43931.3,42889.5,42973.1,402.65,4417.52,-0.95,2.4
20191101,42806.6,43600.6,42803.1,43498.7,384.9,4285.57,1.22,1.86
20191104,43519.5,44557.7,43519.5,44001.1,405.1,4630.88,1.15,2.39
20191105,44026.1,44752.3,44020.1,44474.6,415.75,4701.4,1.08,1.66
20191106,44414.4,44818.1,43771.7,43982.8,394.9,4404.02,-1.11,2.35
20191107,44010.2,44700.3,43776.1,43899.9,350.73,3873.06,-0.19,2.1
20191108,44238.9,44534.9,43573.3,43636.9,381.13,4382.02,-0.6,2.19
20191111,43254.8,43709.0,42476.6,42600.2,386.82,4130.84,-2.38,2.82
20191112,42599.1,42807.2,41921.8,42114.4,333.8,3579.63,-1.14,2.08
20191113,42005.3,42275.3,41369.4,41544.7,311.72,3514.63,-1.35,2.15
20191114,41547.2,41887.5,41460.9,41524.8,332.37,3790.32,-0.05,1.03
20191115,41451.6,41897.6,40797.9,40812.1,346.23,3915.77,-1.72,2.65
20191118,40886.5,41444.1,40647.9,40783.5,314.06,3515.85,-0.07,1.95
20191119,40770.8,41614.2,40770.8,41471.7,359.59,4101.68,1.69,2.07
20191120,41424.2,42006.1,41021.4,41128.9,366.2,4167.09,-0.83,2.37
20191121,40909.8,41464.5,40394.8,40584.6,323.87,3524.23,-1.32,2.6
20191122,40687.5,41303.7,40256.1,40460.4,407.12,4628.53,-0.31,2.58
20191125,40500.4,41017.8,40165.2,40338.6,402.69,4133.69,-0.3,2.11
20191126,40447.9,40842.9,39989.5,40432.1,385.79,3888.65,0.23,2.12
20191127,40279.7,40753.4,39989.4,40062.0,335.05,3504.79,-0.92,1.89
20191128,40028.4,40368.0,39158.3,39289.4,300.91,3118.89,-1.93,3.02
20191129,39271.9,39612.3,38658.1,38803.1,305.39,3361.64,-1.24,2.43
20191202,38911.9,39444.1,38519.3,38606.8,312.58,3371.79,-0.51,2.38
20191203,38509.1,38735.5,38277.5,38524.4,314.87,3408.02,-0.21,1.19
20191204,38323.6,38971.8,38241.9,38344.9,325.81,3494.24,-0.47,1.89
20191205,38488.0,39151.3,38488.0,39094.6,370.82,4174.39,1.96,1.73
20191206,39119.0,39619.3,39119.0,39524.6,360.79,4039.28,1.1,1.28
20191209,39712.2,40459.4,39712.2,40074.0,413.41,4509.98,1.39,1.89
20191210,39937.8,40721.6,39915.1,40721.6,424.54,4488.4,1.62,2.01
20191211,40676.1,41271.1,40676.1,40814.8,431.81,4535.21,0.23,1.46
20191212,40839.9,41332.9,40803.9,40934.9,405.37,4389.66,0.29,1.3
20191213,41390.8,42728.1,41390.8,42728.1,503.66,5575.19,4.38,3.27
20191216,42923.0,44907.1,42923.0,44902.4,562.01,6141.85,5.09,4.64
20191217,44925.0,47724.3,44925.0,47724.3,714.91,7412.11,6.28,6.23
20191218,47712.1,48967.3,47712.1,48916.7,620.0,6529.59,2.5,2.63
20191219,48910.2,49568.3,48910.2,49265.1,553.39,5670.22,0.71,1.35
20191220,49345.8,49862.6,49007.6,49102.2,558.01,5611.63,-0.33,1.74
20191223,48809.9,49654.8,48161.6,48225.3,511.91,5262.02,-1.79,3.04
20191224,48428.0,48744.4,48281.6,48514.0,425.66,4352.08,0.6,0.96
20191225,48435.6,49237.5,48428.6,48687.4,464.16,4923.62,0.36,1.67
20191226,48667.0,49304.3,48487.6,48938.7,473.24,4928.14,0.52,1.68
20191227,49127.3,50090.6,49127.3,49388.8,596.85,6220.57,0.92,1.97
20191230,49098.8,50653.3,49089.1,50628.8,568.92,6025.99,2.51,3.17
20191231,50583.0,51490.8,50583.0,51001.4,498.18,5256.39,0.74,1.79
20200102,51531.3,53802.3,51531.3,53802.3,683.01,7419.5,5.49,4.45
20200103,54080.5,55269.8,54080.5,55070.8,633.14,6855.38,2.36,2.21
20200106,54786.5,57290.5,54786.5,57276.8,749.08,7918.99,4.01,4.55
20200107,57474.1,58835.7,57474.1,58835.7,688.02,7201.6,2.72,2.38
20200108,58555.9,59804.9,58555.9,59106.0,756.65,7655.24,0.46,2.12
20200109,59757.8,60898.8,59757.8,60515.2,636.79,6935.03,2.38,1.93
20200110,60810.1,61233.0,60259.3,60325.0,563.29,6292.23,-0.31,1.61
20200113,60360.7,61427.4,60360.7,61427.4,553.02,6561.23,1.83,1.77
20200114,61693.1,62553.9,61419.8,61501.2,603.56,6864.14,0.12,1.85
20200115,61330.6,61821.2,60856.0,61008.3,530.76,5993.41,-0.8,1.57
20200116,61100.9,61669.0,60468.8,60555.2,517.94,5964.79,-0.74,1.97
20200117,60740.0,61267.6,59829.7,59925.5,488.96,5811.77,-1.04,2.37
20200120,60295.9,61342.6,60295.9,61147.4,535.63,6530.78,2.04,1.75
20200121,61003.4,61884.8,60671.8,60735.3,568.78,6694.75,-0.67,1.98
20200122,60339.1,61863.6,60215.5,61657.5,570.65,6846.27,1.52,2.71
20200123,61179.8,62472.1,60108.7,60942.5,670.43,7847.15,-1.16,3.83
20200203,56017.4,57499.6,55619.9,55712.1,404.95,4965.08,-8.58,3.08
20200204,54701.6,59137.6,54701.6,59061.5,869.33,8844.08,6.01,7.96
20200205,59411.7,62641.8,59411.7,62096.0,757.84,8406.79,5.14,5.47
20200206,62106.2,65553.7,62001.5,65553.7,791.14,8841.88,5.57,5.72
20200207,65503.3,67457.8,65494.4,67315.4,792.84,8969.06,2.69,3.0
20200210,67120.3,69100.7,67120.3,68670.6,759.22,8554.16,2.01,2.94
20200211,68793.7,69499.1,68366.7,68438.4,681.54,7591.9,-0.34,1.65
20200212,68170.0,69636.4,68170.0,69633.0,663.68,7622.67,1.75,2.14
20200213,69683.3,70955.5,69455.3,69480.0,723.49,8358.36,-0.22,2.15
20200214,69483.8,70863.5,69068.4,69655.5,662.09,7823.09,0.25,2.58
20200217,70305.0,72839.5,70305.0,72839.5,788.75,9089.76,4.57,3.64
20200218,72973.9,74884.5,72973.9,74884.5,834.3,9682.72,2.81,2.62
20200219,74757.3,76455.0,74750.6,75175.6,847.57,10091.59,0.39,2.28
20200220,75600.6,78167.3,75600.6,78167.3,892.47,10426.09,3.98,3.41
20200221,78205.5,81349.0,78205.5,80806.3,959.77,11379.42,3.38,4.02
20200224,80886.8,84008.1,80886.8,83884.6,986.02,11944.88,3.81,3.86
20200225,82070.6,87280.3,82070.6,87248.2,1166.45,13856.7,4.01,6.21
20200226,85953.7,88583.1,85708.4,86180.1,1149.76,12835.22,-1.22,3.29
20200227,86851.2,88076.1,85942.5,86119.5,896.75,10219.14,-0.07,2.48
20200228,83105.2,85271.6,82145.5,82353.0,1006.1,11015.37,-4.37,3.63
20200302,84082.9,86455.6,83837.5,85766.4,894.17,10047.66,4.14,3.18
20200303,87320.4,89999.0,86882.6,87530.2,1006.02,11481.59,2.06,3.63
20200304,86907.0,88521.6,85947.0,87406.1,862.47,9702.89,-0.14,2.94
20200305,88985.2,90216.9,88721.9,89745.2,1033.52,11508.92,2.68,1.71
20200306,88580.0,90504.7,88339.0,88388.8,897.19,9404.09,-1.51,2.41
20200309,86875.8,88397.5,85380.3,85422.8,994.78,10670.54,-3.36,3.41
20200310,85257.9,88464.6,84584.5,88088.4,969.97,10605.93,3.12,4.54
20200311,88370.1,89602.0,86169.3,86171.3,877.36,9545.01,-2.18,3.9
20200312,84717.9,85971.5,82662.7,83424.2,770.13,8241.42,-3.19,3.84
20200313,79311.4,84251.0,79311.4,82702.5,891.32,9485.32,-0.87,5.92
20200316,83342.2,83625.2,78446.5,78721.6,868.6,9461.02,-4.81,6.26
20200317,80222.7,80304.4,76983.6,78081.7,751.74,8023.45,-0.81,4.22
20200318,78804.9,80068.9,76116.3,76116.3,740.3,8208.69,-2.52,5.06
20200319,76297.3,76919.3,74750.8,76297.8,731.15,8077.2,0.24,2.85
20200320,77361.9,77768.9,75285.2,75876.5,629.24,7036.49,-0.55,3.26
20200323,73611.8,74714.7,71129.2,71381.4,634.65,6732.02,-5.92,4.73
20200324,73049.4,73497.4,70108.6,71983.8,652.63,7001.5,0.84,4.75
20200325,73793.7,74708.0,73256.1,73330.4,687.09,7387.02,1.87,2.02
20200326,72895.8,73778.8,71240.9,71306.6,604.67,6313.43,-2.76,3.46
20200327,72305.6,72348.0,69662.3,69711.1,583.16,6231.19,-2.24,3.77
20200330,68659.1,68929.2,67279.0,67502.3,593.71,6218.99,-3.17,2.37
20200331,68236.8,68429.3,66223.1,66283.4,531.92,5528.93,-1.81,3.27
20200401,66269.1,67334.4,64797.3,64931.9,548.28,5759.03,-2.04,3.83
20200402,64743.3,65649.3,64445.6,65649.3,543.66,5864.71,1.1,1.85
20200403,65442.0,66296.3,63990.2,64075.4,518.68,5629.18,-2.4,3.51
20200407,65570.5,66778.4,65497.7,66314.5,669.5,7220.93,3.49,2.0
20200408,65918.5,67049.1,65576.5,65771.8,638.33,6654.59,-0.82,2.22
20200409,66180.3,66702.3,65506.3,65627.3,613.27,6434.74,-0.22,1.82
20200410,65534.4,66161.8,63631.8,63727.5,625.64,6610.27,-2.89,3.86
20200413,63570.3,63749.0,61637.8,61748.5,473.36,4917.79,-3.11,3.31
20200414,62241.8,62793.4,62107.3,62590.8,530.85,5822.61,1.36,1.11
20200415,62572.1,63535.4,61962.0,61999.3,582.84,6319.23,-0.95,2.51
20200416,61633.4,62768.2,61633.4,61807.1,549.67,5861.59,-0.31,1.83
20200417,62446.5,63542.9,62248.5,62356.7,644.27,7279.88,0.89,2.09
20200420,62550.2,63490.9,62449.8,62699.2,546.7,6053.58,0.55,1.67
20200421,62331.4,62926.1,61798.9,62015.6,588.38,6385.0,-1.09,1.8
20200422,61406.2,62498.3,61389.3,61992.9,557.89,5940.07,-0.04,1.79
20200423,62222.0,62708.6,61365.9,61455.6,627.09,6561.12,-0.87,2.17
20200424,61443.2,61806.1,59690.0,59934.8,604.01,6115.24,-2.47,3.44
20200427,60236.2,60773.4,59119.3,59159.0,527.02,5429.87,-1.29,2.76
20200428,59201.5,59995.0,57881.1,59044.1,633.38,6558.76,-0.19,3.57
20200429,58743.1,59866.4,58134.9,58208.0,488.82,5203.28,-1.42,2.93
20200430,58768.2,60303.1,58767.7,59934.6,585.82,6616.99,2.97,2.64
20200506,59567.9,61739.3,59567.9,61739.3,593.9,6967.23,3.01,3.62
20200507,61768.4,62611.2,61369.1,61448.6,566.78,6445.28,-0.47,2.01
20200508,61940.6,62848.2,61850.4,62208.5,576.06,6662.69,1.24,1.62
20200511,62700.7,63513.3,61946.0,62302.8,569.95,6652.96,0.15,2.52
20200512,62198.4,62720.3,61475.3,61878.2,501.48,5815.79,-0.68,2.0
20200513,61528.3,62245.3,61379.1,61456.2,478.91,5622.31,-0.68,1.4
20200514,61063.4,61669.0,60293.7,60386.3,517.56,5892.89,-1.74,2.24
20200515,60864.9,61256.2,60319.3,60410.3,501.38,6052.91,0.04,1.55
20200518,60602.9,61571.9,60226.1,60437.6,582.16,7047.89,0.05,2.23
20200519,60978.8,61668.1,60713.1,60968.1,501.99,6159.23,0.88,1.58
20200520,60930.5,61750.2,60130.3,60396.7,549.86,6578.31,-0.94,2.66
20200521,60618.6,60822.5,59110.9,59275.6,519.4,6012.97,-1.86,2.83
20200522,59142.2,59525.6,57737.7,57750.2,504.15,5719.12,-2.57,3.02
20200525,57627.7,58201.9,56442.4,56573.3,410.56,4739.58,-2.04,3.05
20200526,56907.7,57801.8,56875.3,57159.8,440.3,5091.14,1.04,1.64
20200527,57186.5,57525.7,56117.9,56283.0,486.62,5514.44,-1.53,2.46
20200528,56255.0,56865.1,55361.8,55847.9,500.02,5568.75,-0.77,2.67
20200529,55612.5,56781.8,55558.3,55981.6,496.46,5491.88,0.24,2.19
20200601,56697.5,58988.3,56697.5,58970.1,644.91,7352.14,5.34,4.09
20200602,59226.9,60316.3,59226.9,59948.2,670.27,7455.68,1.66,1.85
20200603,60207.9,61333.8,60159.2,60837.8,669.18,7509.95,1.48,1.96
20200604,60960.4,61590.2,60397.7,60543.9,579.47,6237.89,-0.48,1.96
20200605,60670.3,61264.2,60165.1,60378.2,554.72,6073.72,-0.27,1.82
20200608,60927.6,61883.6,60484.0,60613.9,582.97,6595.26,0.39,2.32
20200609,60711.0,61442.0,60509.8,60713.7,534.4,5983.28,0.16,1.54
20200610,60631.5,61213.5,60327.2,60497.9,521.24,5922.33,-0.36,1.46
20200611,60434.0,61566.1,60433.8,60745.0,584.81,6962.61,0.41,1.87
20200612,59470.4,61399.4,59470.4,61222.5,585.49,6769.48,0.79,3.18
20200615,61263.6,62815.9,61263.6,61701.8,627.35,7363.42,0.78,2.54
20200616,62439.8,63360.5,62388.4,63066.5,576.64,6864.73,2.21,1.58
20200617,63136.9,64040.1,63115.9,63540.8,611.6,7125.97,0.75,1.47
20200618,63552.3,64558.8,63531.1,64064.0,632.38,7341.59,0.82,1.62
20200619,64080.4,65310.8,64073.8,65310.8,619.19,7555.36,1.95,1.93
20200622,65626.1,67080.9,65626.1,66463.0,639.54,7945.1,1.76,2.23
20200623,66393.4,67291.6,66282.9,66898.9,568.5,7293.07,0.66,1.52
20200624,67051.3,67804.2,66741.0,66787.3,527.57,6970.86,-0.17,1.59
20200629,66704.6,67731.2,66260.3,66511.1,542.28,6906.71,-0.41,2.2
20200630,67028.5,68137.9,66977.1,67898.5,536.53,7175.54,2.09,1.75
20200701,68125.3,69690.8,68125.3,69690.8,661.39,8738.54,2.64,2.31
20200702,69684.7,73316.9,69684.7,73316.9,867.37,10473.64,5.2,5.21
20200703,73786.4,77307.8,73776.0,77307.8,966.69,11395.44,5.44,4.82
20200706,78626.5,86584.3,78626.5,86571.8,1326.76,15192.86,11.98,10.29
20200707,87982.5,93906.9,87982.5,93303.8,1403.74,16835.55,7.78,6.84
20200708,93480.0,99065.7,93480.0,99065.7,1249.96,14970.93,6.18,5.99
20200709,99094.1,105573.1,99094.1,105573.1,1370.39,16680.37,6.57,6.54
20200710,104899.8,108462.0,104817.6,107453.2,1246.28,15613.78,1.78,3.45
20200713,108271.3,113727.8,108271.3,113727.8,1259.61,16191.14,5.84,5.08
20200714,113416.9,115928.3,112797.1,115044.0,1270.96,16420.32,1.16,2.75
20200715,115363.6,116328.3,113121.3,113305.0,1153.46,15030.04,-1.51,2.79
20200716,113312.9,114929.3,107965.4,108386.6,1098.53,14082.75,-4.34,6.15
20200717,108917.0,111326.3,107030.1,107440.8,826.98,10597.68,-0.87,3.96
20200720,109078.2,111194.4,108733.5,110517.4,903.44,11347.68,2.86,2.29
20200721,110878.3,112625.2,109545.1,109706.3,823.99,10527.96,-0.73,2.79
20200722,109470.2,112638.3,109338.3,109921.7,883.74,11336.92,0.2,3.01
20200723,108830.8,111005.6,108452.4,109905.6,925.38,11880.92,-0.01,2.32
20200724,109160.1,110189.7,104744.3,105080.3,982.46,12758.13,-4.39,4.95
20200727,106029.5,106867.7,102789.7,103454.6,691.03,8887.5,-1.55,3.88
20200728,104683.5,105389.2,101841.4,102515.8,673.42,8638.91,-0.91,3.43
20200729,101971.7,105121.9,101971.7,104492.3,754.9,9980.47,1.93,3.07
20200730,104819.3,106126.1,103239.1,103433.1,803.4,10429.15,-1.01,2.76
20200731,103525.1,106509.3,103525.1,104642.7,830.96,10864.94,1.17,2.89
20200803,104669.0,108786.6,104669.0,108241.7,965.93,12669.0,3.44,3.93
20200804,108308.8,110158.6,107649.0,108038.0,1001.54,13174.53,-0.19,2.32
20200805,108071.6,109905.7,107871.0,108729.8,881.19,11447.24,0.64,1.88
20200806,108783.4,109754.4,108079.3,108896.4,942.15,12408.18,0.15,1.54
20200807,108369.4,109368.4,106355.3,107634.6,906.88,12119.36,-1.16,2.77
20200810,106995.2,109005.1,106995.2,107066.5,827.63,11137.41,-0.53,1.87
20200811,107092.3,108727.9,104309.0,104519.1,861.66,10954.66,-2.38,4.13
20200812,104095.9,104419.5,101435.4,102571.7,821.92,10408.28,-1.86,2.86
20200813,103064.4,103591.3,100474.8,100521.8,722.93,8436.03,-2.0,3.04
20200814,100093.9,101701.8,98826.6,99468.9,690.06,8197.11,-1.05,2.86
20200817,99989.7,102786.3,99989.7,102125.3,915.54,11151.42,2.67,2.81
20200818,102220.2,103761.9,101762.0,102223.2,847.23,10442.59,0.1,1.96
20200819,101861.9,102427.1,99449.5,99614.5,876.99,10453.71,-2.55,2.91
20200820,98568.0,100150.9,96284.6,96612.9,718.33,8394.1,-3.01,3.88
20200821,97475.1,98490.7,94848.4,95559.8,666.11,8163.49,-1.09,3.77
20200824,96167.6,96993.6,95255.6,95444.2,671.34,8668.06,-0.12,1.82
20200825,95605.8,96699.3,93943.4,94280.2,728.19,9134.98,-1.22,2.89
20200826,94108.1,95014.4,91609.6,91845.5,752.61,9427.55,-2.58,3.61
20200827,92089.4,92656.0,90877.6,91317.8,645.57,8050.02,-0.57,1.94
20200828,91030.0,92369.0,91030.0,92369.0,706.23,9133.08,1.15,1.47
20200831,93570.0,95321.5,92804.3,92850.8,769.14,10025.39,0.52,2.73
20200901,92647.5,93500.0,91687.0,92297.5,641.24,8263.38,-0.6,1.95
20200902,92551.5,93164.0,91907.0,92123.8,773.32,9402.55,-0.19,1.36
20200903,91881.3,93016.8,90329.7,90723.9,732.41,9109.16,-1.52,2.92
20200904,88932.7,90836.5,88932.7,89298.5,653.27,8087.64,-1.57,2.1
20200907,89424.5,90536.8,87240.1,87811.1,795.51,9843.7,-1.67,3.69
20200908,88089.7,88679.3,87136.2,87942.8,799.96,8971.85,0.15,1.76
20200909,86775.1,87935.8,85417.1,85477.6,981.7,10065.68,-2.8,2.86
20200914,82870.9,84398.9,81906.9,82384.0,628.39,7447.89,-3.62,2.92
20200915,82312.1,83106.4,81320.1,81372.0,584.48,7027.94,-1.23,2.17
20200916,81080.8,81569.5,79087.0,79209.3,549.12,6633.7,-2.66,3.05
20200917,78888.8,79281.8,77991.5,78254.0,548.04,7168.61,-1.21,1.63
20200918,78269.3,79353.1,78191.3,79353.1,641.69,8052.02,1.4,1.48
20200921,79799.0,80793.5,78279.1,78298.6,577.6,7272.82,-1.33,3.17
20200922,77574.4,78761.6,75937.1,76189.5,558.66,6748.54,-2.69,3.61
20200923,76304.7,76843.3,75245.8,75392.9,480.93,6298.86,-1.05,2.1
20200924,74732.3,75036.1,72477.2,72492.2,545.43,6542.08,-3.85,3.39
20200925,72889.2,73183.8,70581.3,70707.9,433.48,5492.46,-2.46,3.59
20200928,71009.4,71245.6,68528.5,68551.6,402.54,5175.11,-3.05,3.84
20200929,69027.4,69766.0,67688.6,67720.4,400.0,5236.54,-1.21,3.03
20200930,67934.9,68310.4,66194.7,66358.7,401.44,5195.98,-2.01,3.12
20201009,67857.5,69335.0,67734.5,68449.0,501.0,6862.7,3.15,2.41
20201012,69180.6,72596.2,69152.8,72596.2,686.7,9357.71,6.06,5.03
20201013,72295.8,73578.3,72263.6,73310.0,580.86,8068.8,0.98,1.81
20201014,73066.9,74202.5,72816.8,73029.3,576.94,8017.41,-0.38,1.89
20201015,73117.0,73922.6,72142.3,72192.8,541.9,7369.4,-1.15,2.44
20201016,72281.2,72856.0,71284.1,71526.7,514.53,6857.84,-0.92,2.18
20201019,72158.2,73053.4,70658.9,70800.5,537.6,7133.58,-1.02,3.35
20201020,70570.6,71170.4,70474.0,70865.7,477.54,6450.62,0.09,0.98
20201021,70789.2,71231.1,69400.9,69504.7,491.3,6829.87,-1.92,2.58
20201022,69026.3,69568.5,68419.1,68460.4,464.06,6420.03,-1.5,1.65
20201023,68501.6,69123.6,66614.2,66818.1,472.59,6635.89,-2.4,3.67
20201026,66549.5,67907.2,66245.7,66475.0,440.46,6149.65,-0.51,2.49
20201027,66261.5,67265.5,65920.5,66046.5,433.68,6118.88,-0.64,2.02
20201028,66009.2,66848.8,66009.2,66607.9,492.62,7086.51,0.85,1.27
20201029,65578.9,67725.4,65578.9,67244.3,513.76,7533.02,0.96,3.22
20201030,67485.4,68370.8,66940.2,67223.0,599.22,8353.01,-0.03,2.13
20201102,67496.6,69037.3,67431.7,68831.0,560.33,7832.05,2.39,2.39
20201103,69228.0,71226.6,69107.1,70493.4,550.46,7558.48,2.42,3.08
20201104,70512.1,71519.0,70424.2,70538.5,497.07,7054.47,0.06,1.55
20201105,71518.4,72853.9,71461.7,72853.9,587.37,8321.49,3.28,1.97
20201106,73062.2,73958.8,72783.4,73267.2,596.24,8520.7,0.57,1.61
20201109,74031.5,77760.5,74031.5,77632.8,739.11,10376.63,5.96,5.09
20201110,77644.0,79364.0,77524.1,78118.5,666.79,9470.71,0.63,2.37
20201111,77678.4,78690.2,77029.8,77105.2,615.75,8367.41,-1.3,2.13
20201112,77428.1,78175.6,76373.2,76634.7,514.34,6845.17,-0.61,2.34
20201113,76363.0,77249.7,75646.7,75939.2,519.84,7033.68,-0.91,2.09
20201116,76010.9,77349.3,76010.9,76856.2,610.45,7745.14,1.21,1.76
20201117,76811.0,77457.9,76179.2,76768.4,639.34,8264.56,-0.11,1.66
20201118,76721.2,77930.5,76675.9,77137.9,629.26,7950.88,0.48,1.63
20201119,76869.9,78138.5,76820.0,77240.3,595.11,7510.59,0.13,1.71
20201120,77139.4,78297.6,77139.4,77455.2,585.45,7272.99,0.28,1.5
20201123,77655.2,79988.1,77595.0,79490.7,769.49,9277.91,2.63,3.09
20201124,79322.2,80581.7,79246.4,79408.4,650.87,8024.47,-0.1,1.68
20201125,79602.9,80344.7,78414.7,78448.8,685.33,8365.57,-1.21,2.43
20201126,78382.4,78874.4,77294.5,77585.9,569.14,7113.62,-1.1,2.01
20201127,77601.3,78271.9,76622.2,77305.2,586.12,7043.47,-0.36,2.13
20201130,77527.9,79791.3,77471.5,78453.4,750.84,9250.03,1.49,3.0
20201201,78303.5,80282.0,78289.2,80282.0,681.59,8422.81,2.33,2.54
20201202,80322.6,81677.6,80312.9,80754.8,694.13,8498.79,0.59,1.7
20201203,80620.3,81434.2,80352.9,80391.3,667.57,8013.12,-0.45,1.34
20201204,80138.2,80918.8,79873.3,80056.3,570.54,7252.1,-0.42,1.3
20201207,80202.4,81191.1,79335.6,79408.4,567.16,7413.21,-0.81,2.32
20201208,79553.9,80234.5,78565.7,78635.8,515.03,6773.52,-0.97,2.1
20201209,78737.5,79240.4,77070.9,77169.1,592.01,7654.71,-1.87,2.76
20201210,76930.9,77929.0,76585.7,76662.0,532.73,6794.28,-0.66,1.74
20201211,76810.6,77242.7,75413.4,76244.9,637.64,7982.82,-0.54,2.39
20201214,76513.3,77548.9,76398.6,76831.3,525.82,6835.6,0.77,1.51
20201215,76597.5,77711.2,76350.4,76425.0,505.34,6823.2,-0.53,1.77
20201216,76484.2,76891.4,75373.3,75475.2,512.73,6672.24,-1.24,1.99
20201217,75410.6,76760.0,75410.6,76583.1,600.37,7634.31,1.47,1.79
20201218,76610.7,77773.1,76267.3,76417.6,588.63,7444.04,-0.22,1.97
20201221,76544.7,78769.4,76544.7,78474.7,621.93,8335.0,2.69,2.91
20201222,78095.2,79541.9,77849.1,78053.3,702.7,9269.26,-0.54,2.16
20201223,78301.5,80322.0,78301.5,79892.1,662.35,8993.88,2.36,2.59
20201224,79651.3,80939.9,78884.2,78937.2,625.79,7958.06,-1.2,2.57
20201225,78510.5,79966.7,78510.5,79519.6,627.34,7669.51,0.74,1.84
20201228,79664.8,81223.6,79664.8,79999.3,683.77,8520.57,0.6,1.96
20201229,79985.2,81107.8,79083.4,79121.7,678.05,8336.79,-1.1,2.53
20201230,79149.0,81211.9,79149.0,80441.9,637.26,8139.09,1.67,2.61
20201231,80799.0,83248.5,80799.0,82864.2,701.94,9252.01,3.01,3.05
20210104,83335.6,87329.0,83335.6,87262.3,809.55,11250.12,5.31,4.82
20210105,86844.8,90883.4,86844.8,90883.4,859.95,12275.74,4.15,4.63
20210106,91219.1,93064.0,91219.1,92445.3,796.76,11307.88,1.72,2.03
20210107,92283.5,94717.7,92283.5,94717.7,867.23,11746.29,2.46,2.63
20210108,94956.9,96952.9,94739.9,95593.8,759.33,10966.33,0.92,2.34
20210111,95771.3,98061.1,95158.4,95634.6,795.36,11741.62,0.04,3.04
20210112,95269.5,98398.4,95269.5,98397.6,704.82,10606.59,2.89,3.27
20210113,98463.8,100704.2,98463.8,99184.3,814.2,12001.89,0.8,2.28
20210114,98567.3,100604.9,98033.5,98233.5,735.47,10803.74,-0.96,2.59
20210115,98129.8,99948.3,97668.2,98474.4,682.5,9999.54,0.25,2.32
20210118,98199.3,100867.7,98199.3,99987.1,658.84,9578.62,1.54,2.71
20210119,100101.2,101390.2,98505.0,98860.0,712.26,10047.4,-1.13,2.89
20210120,98953.1,100796.9,98879.7,99148.1,607.06,8836.27,0.29,1.94
20210121,99398.6,101991.8,99398.6,101078.0,732.3,10517.11,1.95,2.62
20210122,101097.5,102428.1,101097.5,101841.1,714.3,10726.76,0.75,1.32
20210125,101825.1,104562.6,101825.1,103129.2,723.98,11650.1,1.26,2.69
20210126,102353.3,103808.8,100556.5,100605.8,622.95,9797.81,-2.45,3.15
20210127,100672.1,101365.3,99646.3,99912.5,597.34,8924.97,-0.69,1.71
20210128,98324.8,99962.5,96005.2,96216.7,620.17,8871.68,-3.7,3.96
20210129,96227.6,97429.0,93315.7,94705.2,656.93,9218.12,-1.57,4.28
20210201,94684.6,96380.0,94428.1,94540.1,609.28,8278.35,-0.17,2.06
20210202,95055.0,96306.7,94933.7,95405.2,589.01,8732.55,0.92,1.45
20210203,95253.8,96574.4,94140.8,94258.7,639.55,9232.47,-1.2,2.55
20210204,93593.6,95048.8,92365.5,92932.1,646.87,9142.37,-1.41,2.85
20210205,93451.9,94417.7,91098.1,91141.5,605.2,8645.59,-1.93,3.57
20210208,91696.2,93234.9,91267.0,91428.3,528.62,7822.51,0.31,2.16
20210209,91990.8,93998.5,91990.8,93308.5,543.38,8112.58,2.06,2.2
20210210,93593.0,94931.0,93593.0,94145.0,535.91,8473.92,0.9,1.43
20210218,96546.5,97626.4,95663.8,95855.0,703.23,10537.9,1.82,2.08
20210219,95366.7,97435.7,95366.7,97340.8,745.92,10157.76,1.55,2.16
20210222,97636.4,100505.3,97576.8,98327.2,981.24,12612.59,1.01,3.01
20210223,97548.8,99915.9,97548.8,98064.1,794.5,9953.21,-0.27,2.41
20210224,98143.1,99132.5,95720.7,96647.2,747.09,10355.26,-1.44,3.48
20210225,97879.7,98396.4,95802.5,96076.4,720.05,9082.11,-0.59,2.68
20210226,93766.8,96533.0,93660.0,93788.6,672.68,8786.47,-2.38,2.99
20210301,94882.4,96638.1,94882.4,95473.6,655.0,8449.73,1.8,1.87
20210302,95999.4,96823.2,93915.3,94225.7,690.86,8890.57,-1.31,3.05
20210303,93918.9,95591.9,93918.9,95048.5,697.62,8347.97,0.87,1.78
20210304,93985.2,95053.2,92129.4,92561.8,781.99,9418.49,-2.62,3.08
20210305,91223.8,93848.6,91223.8,91876.0,732.57,8531.37,-0.74,2.84
20210308,92793.8,94047.7,89480.0,89547.5,784.72,9499.52,-2.53,4.97
20210309,89360.2,90956.8,87356.4,87810.5,825.48,9599.37,-1.94,4.02
20210310,89122.4,89775.1,86629.6,86767.9,620.86,7299.54,-1.19,3.58
20210311,86994.5,89548.4,86935.1,88421.6,663.62,7787.27,1.91,3.01
20210312,88740.4,89178.0,87719.4,88029.0,719.92,7943.28,-0.44,1.65
20210315,87365.8,88736.4,85459.3,86061.4,714.99,7859.61,-2.24,3.72
20210316,86225.7,87225.0,85163.4,85477.4,668.5,7176.18,-0.68,2.4
20210317,84905.4,86904.5,84780.9,84878.4,623.36,6937.22,-0.7,2.48
20210318,85073.6,86265.1,84372.9,84408.7,625.79,7185.33,-0.55,2.23
20210319,82963.2,84421.7,82052.2,82365.1,656.57,7524.54,-2.42,2.81
20210322,82581.9,84329.7,82505.1,82885.6,671.67,7419.79,0.63,2.22
20210323,82870.8,83330.2,80747.1,81094.9,699.75,7691.5,-2.16,3.12
20210324,80466.7,81497.9,79213.3,79284.1,670.31,7437.87,-2.23,2.82
20210325,78942.4,80419.0,78073.6,78090.9,604.03,6584.45,-1.5,2.96
20210326,78502.3,79977.5,78502.3,79388.0,610.46,7293.92,1.66,1.89
20210329,79697.6,81143.9,79090.3,79175.9,627.95,7395.17,-0.27,2.59
20210330,78886.0,80269.2,78813.3,79015.1,626.4,7309.93,-0.2,1.84
20210331,78989.7,79380.8,77666.1,77714.4,587.2,6695.54,-1.65,2.17
20210401,77735.9,78819.4,77357.0,77391.2,574.26,6361.31,-0.42,1.88
20210402,77654.6,78837.0,77225.5,77406.9,573.21,6887.25,0.02,2.08
20210406,77800.6,78650.5,76682.0,76719.3,536.78,6389.35,-0.89,2.54
20210407,76747.2,77337.6,76310.1,76483.1,644.75,7187.26,-0.31,1.34
20210408,76130.4,77309.7,76013.8,76065.2,698.42,7435.58,-0.55,1.69
20210409,75811.1,76532.8,74813.2,74905.9,606.21,6732.71,-1.52,2.26
20210412,74855.7,75648.4,73368.2,73670.7,663.37,7536.96,-1.65,3.04
20210413,73588.7,74790.5,72578.5,72761.7,597.98,6530.58,-1.23,3.0
20210414,72866.8,73968.4,72865.3,73039.5,558.72,6355.39,0.38,1.52
20210415,72754.9,73367.9,72021.8,72133.1,564.72,6420.91,-1.24,1.84
20210416,72314.2,73128.2,72314.2,72424.9,603.83,6697.97,0.4,1.13
20210419,72438.2,75136.3,72398.6,75070.7,681.61,8315.14,3.65,3.78
20210420,74829.1,76646.4,74829.1,75547.7,655.74,8131.02,0.64,2.42
20210421,75173.8,76383.0,75173.8,75398.6,583.2,7171.33,-0.2,1.6
20210422,75873.1,76693.6,75349.7,75531.8,569.68,7134.94,0.18,1.78
20210423,75481.7,76926.0,75481.2,75812.1,584.21,7515.6,0.37,1.91
20210426,76144.5,78165.5,76144.5,76509.7,645.07,8706.59,0.92,2.67
20210427,76442.1,77102.4,76089.6,76302.3,580.25,7360.36,-0.27,1.32
20210428,76133.8,77869.6,76071.6,77156.1,557.68,7548.17,1.12,2.36
20210429,77217.7,78534.5,77177.2,77478.3,592.07,7906.13,0.42,1.76
20210430,77409.3,78930.9,77409.3,78159.9,640.92,8315.43,0.88,1.96
20210506,78315.0,79947.6,78315.0,78749.0,645.96,8457.36,0.75,2.09
20210507,79053.7,80098.7,78360.9,78408.1,722.84,8556.87,-0.43,2.21
20210510,78718.0,80326.9,78675.5,79594.5,740.19,8302.21,1.51,2.11
20210511,79034.0,80423.9,79034.0,79842.6,730.72,8203.9,0.31,1.75
20210512,79555.4,80971.5,79555.4,80319.5,657.01,7410.62,0.6,1.77
20210513,79423.0,80968.7,79046.3,79206.9,688.85,7764.19,-1.39,2.39
20210514,79661.4,81265.2,79640.5,81196.1,724.81,8748.24,2.51,2.05
20210517,81225.5,83674.2,81225.5,82559.7,684.11,8963.92,1.68,3.02
20210518,82573.2,83517.9,82007.8,82127.4,583.61,7237.89,-0.52,1.83
20210519,81759.9,83233.9,81726.0,81782.4,603.58,7610.21,-0.42,1.84
20210520,81542.7,82657.8,81404.1,81535.8,682.07,8328.37,-0.3,1.53
20210521,81710.7,82387.3,80905.9,81034.2,610.94,7779.63,-0.62,1.82
20210524,81107.7,82203.2,81050.5,81402.8,630.39,8130.16,0.45,1.42
20210525,81666.7,84346.5,81666.7,84346.5,715.43,9730.18,3.62,3.29
20210526,84404.4,86430.6,84404.4,85244.3,726.45,9356.24,1.06,2.4
20210527,84927.2,86930.3,84927.2,86102.2,684.25,8997.49,1.01,2.35
20210528,86466.9,88102.1,86427.8,87066.5,735.61,9716.89,1.12,1.94
20210531,87500.0,89387.0,87500.0,89169.6,700.81,9615.1,2.42,2.17
20210601,88910.4,90647.2,88836.3,90331.5,744.73,9941.29,1.3,2.03
20210602,90403.1,91582.8,89552.3,89614.7,745.93,9614.41,-0.79,2.25
20210603,89433.9,90852.6,89080.3,89120.0,723.37,9142.48,-0.55,1.98
20210604,88817.7,90800.9,88817.7,89629.2,685.54,8982.64,0.57,2.23
20210607,89996.8,91467.3,89983.1,90257.5,661.33,9063.45,0.7,1.66
20210608,90136.7,91602.0,89454.9,89661.9,679.22,9405.18,-0.66,2.38
20210609,89567.3,90721.2,89123.7,89349.9,663.79,8419.78,-0.35,1.78
20210610,89341.8,91469.7,89341.8,90757.5,724.55,9578.35,1.58,2.38
20210611,90958.8,92325.7,90946.7,91561.1,802.07,10705.7,0.89,1.52
20210615,92236.3,93383.9,91586.9,91732.3,746.6,9551.37,0.19,1.96
20210616,91593.5,92443.4,89357.8,89483.7,681.61,8911.92,-2.45,3.36
20210617,89394.5,91382.2,89394.5,90363.3,629.54,8410.92,0.98,2.22
20210618,90421.0,92405.3,90323.3,91806.1,687.95,9604.75,1.6,2.3
20210621,91559.0,94299.9,91559.0,93033.6,679.48,9627.54,1.34,2.99
20210622,93706.3,94834.4,93529.2,93961.0,712.43,9584.33,1.0,1.4
20210623,93867.2,95873.7,93830.4,95104.8,708.69,10125.7,1.22,2.17
20210624,95048.0,96119.7,94038.5,94188.5,721.07,9603.54,-0.96,2.19
20210625,94602.9,96211.2,94602.9,95775.1,735.1,10042.34,1.68,1.71
20210628,95772.3,97832.0,95772.3,96478.9,693.14,9621.87,0.73,2.15
20210629,96589.6,97571.9,95384.4,95518.7,674.24,9459.4,-1.0,2.27
20210630,95728.4,97270.2,95728.4,96002.8,613.87,8803.96,0.51,1.61
20210701,96228.6,96870.5,94215.7,94514.5,670.97,9605.82,-1.55,2.77
20210702,94139.8,95471.6,93305.5,93524.5,639.64,9461.67,-1.05,2.29
20210705,93741.1,95526.5,93735.7,94836.0,645.88,9465.81,1.4,1.91
20210706,95005.7,96697.3,94044.1,95314.9,703.16,10552.34,0.5,2.8
20210707,95282.0,97470.9,94429.1,97158.9,693.65,9934.96,1.93,3.19
20210708,97531.6,99721.2,97531.6,98242.5,779.1,11306.97,1.12,2.25
20210709,97696.8,99625.3,97696.8,99241.1,762.71,10704.81,1.02,1.96
20210712,100263.9,103712.9,100180.3,102921.8,878.31,12558.61,3.71,3.56
20210713,102776.5,105040.7,102776.5,103986.7,826.86,11607.51,1.03,2.2
20210714,103977.2,104823.0,103030.2,103078.5,845.85,11650.22,-0.87,1.72
20210715,102612.3,104365.0,102612.3,104171.7,814.78,11213.07,1.06,1.7
20210716,104244.6,106599.9,104068.0,104176.1,799.9,11293.87,0.0,2.43
20210719,104136.9,106040.3,103743.8,103938.4,756.45,10748.28,-0.23,2.2
20210720,103074.0,105102.2,103074.0,103468.2,667.7,9248.5,-0.45,1.95
20210721,104157.9,106786.8,104157.9,106214.9,782.29,11557.39,2.65,2.54
20210722,106597.4,108425.8,106597.4,108083.8,860.39,12269.32,1.76,1.72
20210723,108197.6,110438.4,108152.4,108727.4,963.37,13118.91,0.6,2.12
20210726,108490.3,110123.5,106584.7,108787.6,941.61,13447.92,0.06,3.25
20210727,108922.4,111476.4,107315.3,107722.9,978.55,14328.77,-0.98,3.82
20210728,106762.9,110046.5,104781.1,106868.5,860.59,11968.95,-0.79,4.89
20210729,109284.7,111609.2,109199.8,111161.5,770.4,11732.53,4.02,2.25
20210730,110963.5,113738.6,110898.9,112466.1,843.34,12554.11,1.17,2.55
20210802,112625.3,116572.0,112483.7,116518.4,924.82,14275.93,3.6,3.64
20210803,116494.3,118006.9,115056.7,115523.1,894.64,13352.49,-0.85,2.53
20210804,115467.4,118780.9,115467.4,118324.1,782.4,12152.66,2.42,2.87
20210805,117546.3,119815.2,117307.8,117422.3,806.83,12149.56,-0.76,2.12
20210806,118043.0,119571.2,116581.4,117051.0,766.52,11489.48,-0.32,2.55
20210809,116300.9,118187.6,116195.3,117013.5,786.37,11838.37,-0.03,1.7
20210810,116962.2,119013.5,116645.5,118148.0,807.4,12772.47,0.97,2.02
20210811,118194.9,120001.9,117977.2,118607.2,861.67,12160.02,0.39,1.71
20210812,118166.4,120447.4,118140.4,118648.4,871.02,12380.75,0.03,1.95
20210813,118075.0,120895.5,117835.4,117942.2,855.31,12280.21,-0.6,2.58
20210816,117959.8,119442.5,116472.1,116545.8,851.71,11911.56,-1.18,2.52
20210817,116453.5,117667.2,113204.3,113673.1,920.71,12497.04,-2.46,3.83
20210818,114044.9,116167.1,113796.1,114309.5,825.35,11426.23,0.56,2.09
20210819,114141.0,115971.4,114021.2,114456.0,825.55,11586.35,0.13,1.71
20210820,113615.3,115795.4,112815.9,113928.7,820.86,11948.38,-0.46,2.6
20210823,114592.3,117798.2,114592.3,116993.3,854.01,12548.67,2.69,2.81
20210824,117093.4,120191.1,117093.4,118815.3,926.34,13385.32,1.56,2.65
20210825,118865.0,120338.3,118865.0,119767.6,913.64,12467.51,0.8,1.24
20210826,119669.7,121363.8,118613.4,118787.9,1009.91,13079.38,-0.82,2.3
20210827,118593.9,121026.3,118593.9,119706.3,955.85,12857.89,0.77,2.05
20210830,120241.7,123833.9,120241.7,122302.1,1051.76,15087.82,2.17,3.0
20210831,121996.4,123812.0,121885.7,123495.8,1042.62,14195.45,0.98,1.58
20210901,123926.6,126192.0,123225.2,124446.1,1255.45,16485.53,0.77,2.4
20210902,124265.4,127489.6,124265.4,126626.5,1082.7,13805.64,1.75,2.59
20210903,126700.0,129612.7,125654.0,126282.1,1200.2,15184.64,-0.27,3.13
20210906,126524.4,129012.5,126478.1,128113.8,1042.88,13755.52,1.45,2.01
20210907,128066.4,130666.1,127980.2,130425.7,1069.55,13509.01,1.8,2.1
20210908,130331.3,132900.91,130331.3,130831.8,1186.46,14242.71,0.31,1.97
20210909,130629.5,132644.61,130620.0,131227.5,1165.86,13848.17,0.3,1.55
20210910,131101.7,133991.61,131068.2,132400.8,1197.84,14880.24,0.89,2.23
20210913,132540.11,134321.41,132540.11,132929.7,1096.87,14122.6,0.4,1.35
20210914,132500.5,135224.0,131726.41,132008.5,1131.93,14611.75,-0.69,2.63
20210915,131716.3,133745.91,131348.91,131617.0,981.5,13107.49,-0.3,1.82
20210916,131867.61,133358.91,128437.8,128536.1,1108.27,14303.19,-2.34,3.74
20210917,128292.0,130253.8,126697.6,127706.9,1016.29,12968.95,-0.65,2.77
20210924,126187.3,127529.2,123597.8,123795.4,987.82,12438.44,-3.06,3.08
20210927,123822.9,124722.9,120776.7,120781.0,1013.83,13216.34,-2.43,3.19
20210928,120534.5,122123.0,118995.7,119075.6,819.12,10112.75,-1.41,2.59
20210929,117817.2,118728.9,114085.9,114085.9,857.64,10418.41,-4.19,3.9
20210930,115105.7,116813.9,114625.6,114707.8,742.27,9184.54,0.55,1.92
20211008,116451.8,116799.1,113493.1,113586.6,802.49,10287.29,-0.98,2.88
20211011,113774.8,114893.1,111271.0,111507.5,762.48,9606.3,-1.83,3.19
20211012,110825.7,111573.9,107186.5,108040.0,792.65,9631.39,-3.11,3.93
20211013,107629.7,108251.6,106964.7,107004.0,658.92,8583.31,-0.96,1.19
20211014,106972.1,107837.6,105397.8,105399.2,630.18,8297.68,-1.5,2.28
20211015,105233.5,106497.8,104735.9,104785.3,696.61,9507.49,-0.58,1.67
20211018,104695.0,106268.7,104695.0,105064.9,695.33,9640.0,0.27,1.5
20211019,105250.3,107188.7,105195.9,105303.0,685.76,9373.46,0.23,1.9
20211020,104682.6,106670.0,104682.6,104811.1,714.22,9802.68,-0.47,1.89
20211021,104905.3,106209.2,103708.2,103911.6,717.62,9572.27,-0.86,2.39
20211022,104048.4,105221.7,102346.8,102402.9,728.15,9770.23,-1.45,2.77
20211025,102381.2,104490.5,102376.9,103478.8,676.56,9724.45,1.05,2.06
20211026,103855.6,105631.6,103044.5,103124.8,715.96,10357.57,-0.34,2.5
20211027,102712.7,104186.7,102145.0,102393.4,739.56,10302.89,-0.71,1.98
20211028,101898.2,103023.6,100218.5,100607.8,760.23,10598.56,-1.74,2.74
20211029,100756.6,102728.3,100756.6,102687.0,730.13,10871.63,2.07,1.96
20211101,102306.3,105422.1,102306.3,104158.8,782.27,11675.04,1.43,3.03
20211102,104194.1,106037.0,103452.3,104173.3,850.95,12027.04,0.01,2.48
20211103,104070.0,105540.0,103166.1,103401.3,659.58,9568.73,-0.74,2.28
20211104,103884.7,105729.0,103839.1,104588.6,695.44,10316.98,1.15,1.83
20211105,104326.4,106087.6,103291.1,103339.0,790.38,11023.18,-1.19,2.67
20211108,103223.5,105261.3,103223.5,103574.2,690.72,9930.95,0.23,1.97
20211109,103864.2,105046.6,103518.2,103671.6,667.01,9623.76,0.09,1.48
20211110,103101.0,104193.5,102699.1,103263.6,724.46,10311.77,-0.39,1.44
20211111,103051.8,105022.2,103051.8,104310.5,765.27,10656.33,1.01,1.91
20211112,104400.0,106061.2,104400.0,104794.6,745.91,10398.14,0.46,1.59
20211115,104924.8,106132.7,104182.9,104322.1,766.86,10963.28,-0.45,1.86
20211116,104027.2,105577.7,103168.2,103388.7,757.84,10608.98,-0.89,2.31
20211117,103690.4,105626.0,103690.4,104369.5,704.42,9853.24,0.95,1.87
20211118,104167.0,105332.2,103820.5,103860.3,781.04,10671.14,-0.49,1.45
20211119,103791.0,105284.5,103791.0,104973.2,770.23,10601.86,1.07,1.44
20211122,105078.0,108081.0,105078.0,107553.9,795.4,11870.26,2.46,2.86
20211123,107474.7,109468.6,107474.7,108005.9,829.62,11658.19,0.42,1.85
20211124,108009.5,109433.2,107928.2,108091.0,804.13,11423.82,0.08,1.39
20211125,108125.4,109250.9,107156.4,107246.4,743.29,10572.36,-0.78,1.94
20211126,106930.1,108717.1,106707.3,106736.6,732.74,10463.05,-0.48,1.87
20211129,105339.1,108762.9,105339.1,107544.0,758.15,11116.09,0.76,3.21
20211130,108196.7,109684.8,107440.1,108158.0,810.94,11588.21,0.57,2.09
20211201,108005.9,109484.7,107985.8,108180.1,780.82,10881.7,0.02,1.39
20211202,107979.0,109375.2,107149.5,107252.8,823.21,10999.02,-0.86,2.06
20211203,107457.5,108920.0,107457.5,108037.9,802.47,10857.9,0.73,1.36
20211206,108149.0,109929.0,107115.9,107278.2,876.66,11505.86,-0.7,2.6
20211207,108043.8,108549.3,106343.5,106916.8,844.83,11497.71,-0.34,2.06
20211208,107375.0,109469.1,107312.4,108631.8,761.62,10578.39,1.6,2.02
20211209,108844.7,111149.9,108844.7,110407.6,893.92,12130.97,1.63,2.12
20211210,109737.2,111993.0,109737.2,111277.5,863.13,11700.31,0.79,2.04
20211213,111985.6,114343.2,111981.3,112898.7,890.23,12178.2,1.46,2.12
20211214,112457.3,113995.6,111969.9,112161.9,815.37,10939.87,-0.65,1.79
20211215,112001.1,113508.9,111084.7,111308.6,843.94,10829.32,-0.76,2.16
20211216,111666.6,113041.7,111377.2,111606.0,847.95,10677.73,0.27,1.5
20211217,111500.7,112459.1,109844.1,109963.8,904.04,11118.89,-1.47,2.34
20211220,109633.0,110893.9,107790.7,107884.6,920.16,11085.53,-1.89,2.82
20211221,107990.6,109462.2,107791.5,107926.6,881.27,9607.52,0.04,1.55
20211222,108288.6,109709.4,107605.7,107670.5,918.43,10211.53,-0.24,1.95
20211223,107818.7,109073.8,107404.3,107518.6,867.93,10378.55,-0.14,1.55
20211224,107633.0,108284.5,105709.4,105731.3,889.62,10876.72,-1.66,2.4
20211227,105787.6,107390.4,104567.2,104758.3,758.59,9373.27,-0.92,2.67
20211228,105022.9,106075.9,104450.4,104751.8,741.35,9638.06,-0.01,1.55
20211229,104692.7,105819.9,103430.7,103461.5,722.79,9601.5,-1.23,2.28
20211230,103603.6,105563.7,103603.6,103848.7,755.15,9728.51,0.37,1.89
20211231,104374.9,105759.8,104119.5,104224.4,790.08,10136.04,0.36,1.58
20220104,104845.8,106152.1,104845.8,105566.9,965.69,12127.99,1.29,1.25
20220105,105385.4,106302.2,104919.4,105196.6,998.14,12536.31,-0.35,1.31
20220106,104475.4,106632.8,104475.4,105759.2,876.6,10909.83,0.53,2.05
20220107,105828.2,107051.3,104764.9,104910.1,988.64,11590.12,-0.8,2.16
20220110,104886.3,107006.5,104636.1,105097.9,810.48,10018.35,0.18,2.26
20220111,105090.8,106230.1,103538.9,103752.2,826.81,10068.38,-1.28,2.56
20220112,104293.6,105971.9,104293.6,104956.1,799.96,10061.77,1.16,1.62
20220113,105045.2,106029.5,103236.9,103265.6,855.89,10418.27,-1.61,2.66
20220114,102865.2,105106.4,102865.2,103500.1,873.01,10459.96,0.23,2.17
20220117,103485.1,105963.0,103485.1,104904.2,807.31,10524.3,1.36,2.39
20220118,104886.6,106622.2,104655.8,104839.4,914.51,11332.8,-0.06,1.87
20220119,104571.3,106196.6,103568.2,103817.8,807.53,10164.48,-0.97,2.51
20220120,103898.8,104838.4,102570.0,102696.5,887.2,10793.58,-1.08,2.18
20220121,102273.8,103522.3,100351.2,100459.7,756.26,9383.15,-2.18,3.09
20220124,99734.9,101369.0,99281.6,99373.9,644.75,8223.99,-1.08,2.08
20220125,98980.2,99631.6,95235.9,95282.5,764.63,8945.74,-4.12,4.42
20220126,96029.7,96726.9,94115.1,94374.2,610.99,7501.53,-0.95,2.74
20220127,94301.5,94634.2,90572.7,90653.2,642.24,7808.15,-3.94,4.3
20220128,91471.0,91826.8,89528.5,89683.0,640.11,7815.24,-1.07,2.54
20220207,91376.4,92608.2,89989.3,90234.7,683.48,7890.44,0.62,2.92
20220208,89975.5,91181.4,89201.4,90473.6,751.59,8436.44,0.26,2.19
20220209,90384.4,92426.2,90363.2,92008.8,771.61,8951.51,1.7,2.28
20220210,91998.7,93259.0,91332.3,91690.4,755.15,8955.31,-0.35,2.09
20220211,91046.0,92772.6,90425.5,90612.4,793.68,9534.6,-1.18,2.56
20220214,89984.4,92254.8,89221.7,89633.9,700.11,8332.09,-1.08,3.35
20220215,89799.4,91262.0,89487.5,89849.7,639.17,7927.54,0.24,1.98
20220216,90579.9,91842.8,89389.1,89554.8,642.92,7747.14,-0.33,2.73
20220217,89193.6,90802.4,89193.6,89472.2,718.84,8745.73,-0.09,1.8
20220218,88786.4,90512.1,88786.4,89012.5,676.71,7774.97,-0.51,1.93
20220221,89190.4,90414.7,89190.4,89516.6,741.53,8672.5,0.57,1.38
20220222,88949.0,90257.9,88746.0,89124.6,775.04,9432.72,-0.44,1.69
20220223,89440.1,91576.8,89440.1,91320.6,770.17,9947.82,2.46,2.4
20220224,90644.9,92806.1,90638.4,92364.6,1105.39,13110.39,1.14,2.37
20220225,93513.4,95834.2,93399.4,93561.4,803.02,9722.35,1.3,2.64
20220228,93586.0,95064.4,93490.4,93823.2,733.4,8987.35,0.28,1.68
20220301,93874.6,95505.9,93874.6,94102.3,716.17,9263.31,0.3,1.74
20220302,93627.6,94802.8,93246.7,93284.0,722.15,8615.76,-0.87,1.65
20220303,93720.6,94615.0,92809.4,92933.1,855.71,9705.55,-0.38,1.94
20220304,92175.4,94186.1,91555.2,91884.6,833.66,9661.36,-1.13,2.83
20220307,91603.1,92835.0,90218.3,90745.3,815.3,9823.69,-1.24,2.85
20220308,90734.1,91726.9,89056.1,89295.9,891.35,10622.71,-1.6,2.94
20220309,89758.5,90801.9,86054.8,90398.5,975.9,11126.61,1.23,5.32
20220310,92575.6,94673.7,92458.8,92886.0,825.05,10284.69,2.75,2.45
20220311,91364.6,93997.1,91321.2,93869.8,819.58,9974.21,1.06,2.88
20220314,92912.9,94931.8,91033.8,91042.0,739.64,9206.31,-3.01,4.15
20220315,89790.6,92561.4,88249.6,88266.3,944.7,10739.9,-3.05,4.74
20220316,89926.0,93576.3,88019.4,93421.5,943.02,11375.6,5.84,6.3
20220317,94817.4,98785.7,94749.4,96820.7,938.81,12163.75,3.64,4.32
20220318,96141.0,97870.8,96141.0,97144.1,815.9,9477.23,0.33,1.79
20220321,97295.4,99522.6,97295.4,97661.2,817.05,9684.35,0.53,2.29
20220322,97360.0,98515.6,96078.7,96388.2,815.23,9229.71,-1.3,2.5
20220323,96629.2,97800.4,95701.8,95767.1,791.24,9051.47,-0.64,2.18
20220324,95261.8,96150.0,94124.2,94238.2,761.23,8835.2,-1.6,2.12
20220325,94238.5,95249.5,92048.6,92057.8,769.47,8845.37,-2.31,3.4
20220328,91425.5,93156.2,90394.0,90754.8,761.11,8402.79,-1.42,3.0
20220329,91090.6,92056.0,89128.6,89390.5,733.95,8323.1,-1.5,3.23
20220330,89816.3,91402.3,89800.6,91196.9,809.74,9231.51,2.02,1.79
20220331,90956.4,92305.1,90287.6,90349.2,889.04,9750.71,-0.93,2.21
20220401,89618.3,91776.6,89618.3,90240.0,841.47,9041.12,-0.12,2.39
20220406,90294.6,91445.7,89964.2,90349.2,905.71,9303.66,0.12,1.64
20220407,89719.7,90986.9,88208.8,88237.0,873.37,8922.09,-2.34,3.07
20220408,88435.4,89359.9,87732.8,87913.9,868.58,8947.98,-0.37,1.84
20220411,87220.4,87840.5,85116.6,85557.8,879.43,9325.67,-2.68,3.1
20220412,85537.4,86867.3,84927.6,86867.3,860.78,8860.61,1.53,2.27
20220413,86088.8,86974.6,85000.8,85000.8,823.48,8469.6,-2.15,2.27
20220414,85578.3,87062.5,85536.8,85954.0,770.71,8365.91,1.12,1.79
20220415,85387.0,86550.3,84625.7,84877.9,838.72,8801.02,-1.25,2.24
20220418,83980.5,86050.5,83865.1,84165.8,704.43,7474.59,-0.84,2.57
20220419,84207.3,85456.4,83327.9,83634.5,690.5,7509.51,-0.63,2.53
20220420,83388.5,83948.6,81284.1,81547.5,754.54,7923.88,-2.5,3.19
20220421,81228.8,82240.1,78714.6,79082.3,813.77,8267.99,-3.02,4.32
20220422,78444.9,80177.4,77892.8,78050.1,707.44,7235.59,-1.31,2.89
20220425,76440.3,77335.2,74042.1,74068.3,881.3,8629.05,-5.1,4.22
20220426,74444.6,76002.3,72771.5,73087.8,826.63,8068.81,-1.32,4.36
20220427,72302.8,77167.5,72295.1,77163.2,890.04,8812.11,5.58,6.67
20220428,76583.3,79019.7,76583.3,77269.4,776.14,8044.1,0.14,3.16
20220429,77919.9,81394.8,77821.5,81370.9,879.27,9245.93,5.31,4.62
20220505,81233.4,83996.1,81233.4,82728.3,783.98,8628.27,1.67,3.4
20220506,80730.2,82856.8,80441.9,80483.4,711.13,7286.47,-2.71,2.92
20220509,80355.1,82026.2,79655.9,79745.3,624.35,6430.63,-0.92,2.95
20220510,78606.4,81887.0,78584.7,81092.8,773.66,8098.19,1.69,4.14
20220511,81410.1,85102.1,81410.1,83471.2,919.94,10317.96,2.93,4.55
20220512,83344.6,84815.4,82597.2,82938.6,740.63,7852.77,-0.64,2.66
20220513,83562.3,84244.0,82357.2,82505.3,709.63,7268.4,-0.52,2.27
20220516,83271.7,84205.5,81710.1,81804.3,738.89,7540.75,-0.85,3.02
20220517,81783.7,82515.4,81507.4,81679.7,709.93,7562.71,-0.15,1.23
20220518,81766.8,82922.7,80977.3,81063.8,701.93,7398.21,-0.75,2.38
20220519,79762.8,81820.8,79762.8,81411.9,742.8,7709.53,0.43,2.54
20220520,81993.3,83400.0,81993.3,83069.2,810.44,8819.44,2.04,1.73
20220523,83405.1,84555.5,83405.1,83715.2,765.85,8235.78,0.78,1.38
20220524,83675.4,84545.2,81490.3,81509.5,896.11,9494.86,-2.63,3.65
20220525,81469.1,82975.1,81469.1,81953.7,710.66,7332.6,0.54,1.85
20220526,81890.4,83309.4,81651.5,82072.0,764.1,7925.33,0.14,2.02
20220527,82653.6,83861.2,81468.3,81866.6,750.23,7858.6,-0.25,2.92
20220530,82284.5,83378.5,81921.5,82195.3,716.41,7789.42,0.4,1.78
20220531,82179.5,83723.1,82139.9,83723.1,784.3,8902.07,1.86,1.93
20220601,83338.0,85103.5,83338.0,83952.4,763.55,8363.96,0.27,2.11
20220602,83866.6,85229.6,83466.6,84632.2,749.88,8256.13,0.81,2.1
20220606,84691.6,88412.8,84691.6,88278.8,866.12,10260.51,4.31,4.4
20220607,88411.0,90165.2,88411.0,89333.3,845.31,9746.71,1.19,1.99
20220608,89380.2,91221.7,89380.2,91162.0,898.79,10341.12,2.05,2.06
20220609,90944.9,92101.0,90040.5,90162.5,848.18,9273.31,-1.1,2.26
20220610,89511.3,92883.8,89511.3,92883.8,870.66,9903.71,3.02,3.74
20220613,92067.8,94985.5,92067.8,93971.5,895.64,10397.92,1.17,3.14
20220614,92877.3,95359.4,92590.9,95359.4,930.77,10489.56,1.48,2.95
20220615,95593.9,99352.2,95593.9,97684.4,1103.03,12510.46,2.44,3.94
20220616,97889.9,99976.6,97889.9,98226.5,914.44,10351.35,0.55,2.14
20220617,97511.1,100034.8,97511.1,99828.7,851.34,10429.5,1.63,2.57
20220620,100346.1,102856.3,100346.1,101517.3,880.09,11103.48,1.69,2.51
20220621,101343.7,102698.2,100018.3,100834.8,877.43,10308.85,-0.67,2.64
20220622,100995.2,102238.2,99249.8,99304.8,806.16,9456.47,-1.52,2.96
20220623,99695.2,101581.0,99681.5,101540.8,863.23,10238.13,2.25,1.91
20220624,101857.4,104319.3,101808.6,103339.5,883.16,10990.18,1.77,2.47
20220627,104233.1,106903.3,104210.3,105668.3,918.43,11700.07,2.25,2.61
20220628,105653.3,107884.3,105580.5,107884.3,935.4,11617.95,2.1,2.18
20220629,107516.8,109541.4,106277.0,106434.2,1007.07,12517.27,-1.34,3.03
20220630,106825.1,109186.8,106825.1,107955.6,872.09,11023.52,1.43,2.22
20220701,108087.9,109418.2,106878.6,107124.6,795.54,9994.05,-0.77,2.35
20220704,106912.0,109158.3,106666.7,108098.5,803.42,10697.7,0.91,2.33
20220705,108545.3,109747.8,107202.3,108149.1,894.16,11272.39,0.05,2.35
20220706,107619.9,109267.6,105655.8,106463.3,824.09,10305.37,-1.56,3.34
20220707,106467.8,108290.9,106349.8,106927.1,776.63,9969.73,0.44,1.82
20220708,107733.2,108720.7,105349.0,105407.5,776.17,9769.68,-1.42,3.15
20220711,104729.7,105504.4,102633.0,103109.2,783.51,9584.21,-2.18,2.72
20220712,103149.8,104470.2,100774.5,100805.9,768.49,9255.75,-2.23,3.58
20220713,100861.4,102089.0,100425.9,100654.5,767.46,8957.6,-0.15,1.65
20220714,100291.1,102707.1,100291.1,101065.9,814.43,9759.99,0.41,2.4
20220715,100723.7,103037.3,99890.4,99903.9,874.93,10377.62,-1.15,3.11
20220718,100667.0,102404.0,100515.3,101343.9,810.19,9682.25,1.44,1.89
20220719,101269.4,103002.7,100620.6,100749.3,790.1,9466.02,-0.59,2.35
20220720,101199.6,102463.6,100462.8,100658.0,750.65,9042.48,-0.09,1.99
20220721,100356.0,101846.1,99266.2,99316.5,806.31,9600.52,-1.33,2.56
20220722,100022.7,100943.2,97896.4,98433.6,753.58,8881.71,-0.89,3.07
20220725,98396.1,99070.6,95792.0,95812.5,693.62,8112.72,-2.66,3.33
20220726,95968.6,97244.6,95314.1,95411.4,672.37,7873.04,-0.42,2.01
20220727,95225.3,96665.7,94656.6,94830.2,681.59,8156.54,-0.61,2.11
20220728,95488.2,97081.1,95100.3,95167.2,779.24,9454.21,0.36,2.09
20220729,95333.7,96654.2,94428.2,94670.5,779.99,9560.44,-0.52,2.34
20220801,94620.8,96221.8,94231.3,95435.7,734.44,9358.75,0.81,2.1
20220802,94026.7,95742.1,93086.5,93982.7,974.55,11133.14,-1.52,2.78
20220803,95074.1,96675.7,93238.2,93725.6,833.87,10368.34,-0.27,3.66
20220804,94560.3,95643.0,93130.6,93678.6,675.5,8384.52,-0.05,2.68
20220805,93906.5,95007.3,93723.0,94752.9,710.87,9097.2,1.15,1.37
20220808,94621.2,96668.9,94494.5,95369.0,661.61,8723.94,0.65,2.29
20220809,95138.0,96842.3,95062.5,95318.6,669.43,8824.91,-0.05,1.87
20220810,95067.1,96519.6,94551.4,94786.3,670.58,8949.54,-0.56,2.06
20220811,95329.5,96693.6,95227.6,96337.0,774.02,9957.47,1.64,1.55
20220812,96155.1,97677.1,95277.4,95341.9,774.92,9283.54,-1.03,2.49
20220815,95186.6,97359.0,95186.6,95782.5,731.51,9157.33,0.46,2.28
20220816,95941.6,97850.1,95941.6,96195.9,780.71,9572.12,0.43,1.99
20220817,96336.0,97713.5,96220.3,96815.1,824.67,10104.58,0.64,1.55
20220818,96534.0,98056.0,96534.0,97080.7,788.46,9798.86,0.27,1.57
20220819,97120.5,98081.0,95937.0,95983.5,834.89,10419.99,-1.13,2.21
20220822,96017.6,97881.6,95766.8,96796.1,764.15,9565.09,0.85,2.2
20220823,96565.4,98299.0,96565.4,96907.2,764.01,9400.68,0.11,1.79
20220824,97106.9,97480.2,94383.2,94550.8,892.58,10575.88,-2.43,3.2
20220825,95055.2,95386.0,93171.2,94099.2,791.55,9290.88,-0.48,2.34
20220826,94280.9,96158.0,92789.6,92980.4,721.22,8728.81,-1.19,3.58
20220829,91745.6,94278.7,91745.6,92587.1,681.06,7913.29,-0.42,2.72
20220830,92524.5,93411.5,90784.6,90854.4,693.37,7893.49,-1.87,2.84
20220831,90502.0,91054.1,88627.5,89009.1,791.63,9440.74,-2.03,2.67
20220901,88987.9,90429.0,87378.0,87552.1,657.11,7448.43,-1.64,3.43
20220902,87801.9,89131.4,86667.3,86892.6,611.41,6968.7,-0.75,2.81
20220905,86712.8,88407.1,85995.0,86260.4,635.43,7195.93,-0.73,2.78
20220906,86406.6,88229.3,86406.6,87716.1,710.81,8197.08,1.69,2.11
20220907,87648.4,89649.6,87414.6,87950.8,707.32,8169.6,0.27,2.55
20220908,87797.1,88887.1,86120.4,86199.0,667.04,7439.63,-1.99,3.15
20220909,86316.1,87211.6,85609.7,85660.8,650.87,7348.63,-0.62,1.86
20220913,86052.1,86854.6,84905.3,84997.2,632.31,7284.59,-0.77,2.28
20220914,83794.5,85306.4,83100.6,83157.7,601.45,6796.63,-2.16,2.6
20220915,83173.4,83600.8,80839.0,81616.9,756.19,8634.16,-1.85,3.32
20220916,81494.9,82439.2,79569.3,79655.4,699.07,7526.93,-2.4,3.52
20220919,79512.1,80825.7,78022.5,78078.6,569.08,6201.35,-1.98,3.52
20220920,78758.0,80220.1,77804.9,77901.8,532.22,6121.8,-0.23,3.09
20220921,77313.2,78378.6,76626.7,76677.8,557.81,5985.33,-1.57,2.25
20220922,76182.4,78027.7,75427.8,75461.2,534.32,6002.9,-1.59,3.39
20220923,75464.7,76052.0,73480.9,73509.9,574.08,6260.2,-2.59,3.41
20220926,73028.6,74860.4,72223.1,72366.6,577.72,6266.23,-1.56,3.59
20220927,72785.6,73516.6,72361.9,73144.8,542.76,6237.97,1.08,1.6
20220928,72911.9,73289.4,70493.1,70508.6,544.17,6088.52,-3.6,3.82
20220929,71296.1,71974.3,69542.2,69876.4,535.31,5850.82,-0.9,3.45
20220930,69911.5,70388.2,67848.4,67888.0,478.83,5256.82,-2.85,3.63
20221012,65957.9,68295.9,65026.1,68295.9,583.83,6620.6,0.6,4.82
20221013,67737.5,69876.5,67737.5,68804.3,590.52,6791.07,0.74,3.13
20221014,69474.0,72265.4,69474.0,71971.8,653.34,7979.91,4.6,4.06
20221017,71796.3,73750.7,71796.3,73375.6,630.4,7407.94,1.95,2.72
20221018,73675.2,75068.8,73675.2,74051.3,620.13,7345.25,0.92,1.9
20221019,73747.3,75180.9,73369.0,73391.6,584.3,7048.29,-0.89,2.45
20221020,72867.8,75019.7,72867.8,73414.7,606.21,7302.07,0.03,2.93
20221021,73421.9,74458.6,73058.3,73205.0,576.42,6551.5,-0.29,1.91
20221024,73312.7,75020.4,72855.3,73374.4,691.39,8178.73,0.23,2.96
20221025,72991.3,75114.9,72891.9,73807.9,634.93,7435.42,0.59,3.03
20221026,73915.2,77198.2,73915.2,76302.6,691.64,8422.27,3.38,4.45
20221027,76577.9,78303.0,76577.9,76928.5,676.64,8509.28,0.82,2.26
20221028,76236.0,77697.1,75324.4,75683.7,717.59,8385.02,-1.62,3.08
20221031,75269.0,78386.5,75269.0,77042.6,679.74,8053.04,1.8,4.12
20221101,77281.8,80776.4,77281.8,80776.4,729.2,9056.69,4.85,4.54
20221102,80552.0,84117.8,80552.0,83685.9,774.07,9701.05,3.6,4.41
20221103,82832.0,85302.8,82832.0,83919.0,645.33,8102.43,0.28,2.95
20221104,84177.7,87904.0,84177.7,87723.9,779.77,10008.22,4.53,4.44
20221107,87748.8,89834.3,87748.8,88721.8,760.21,9316.98,1.14,2.38
20221108,88686.7,89344.4,87323.7,87718.1,643.19,7751.53,-1.13,2.28
20221109,87753.6,88952.0,86266.3,86315.8,617.49,7250.1,-1.6,3.06
20221110,85702.2,86868.7,84961.7,85077.6,681.67,7786.8,-1.43,2.21
20221111,87463.5,89033.3,87463.5,88273.6,989.63,11436.31,3.76,1.85
20221114,88609.6,90616.7,88392.0,89231.0,865.93,10031.68,1.08,2.52
20221115,89191.0,92237.4,89094.1,92094.2,818.63,9827.02,3.21,3.52
20221116,92051.2,93716.8,91074.2,91203.3,755.81,8810.08,-0.97,2.87
20221117,90727.8,91599.1,90203.3,90975.5,711.68,8486.88,-0.25,1.53
20221118,91206.4,92659.4,90382.9,90571.1,777.33,9128.04,-0.44,2.5
20221121,89789.8,91400.3,89690.6,89865.8,664.04,7928.58,-0.78,1.89
20221122,89699.5,90325.0,87889.5,88212.2,746.64,8269.37,-1.84,2.71
20221123,87931.4,88398.0,87125.1,87196.5,717.3,7731.68,-1.15,1.44
20221124,87617.2,88298.1,85995.5,86066.9,631.87,6989.22,-1.3,2.64
20221125,85651.7,86371.0,84180.5,84207.8,668.68,6934.59,-2.16,2.55
20221128,82864.8,84782.7,82814.0,83098.6,669.33,7113.59,-1.32,2.34
20221129,83827.8,86244.8,83827.8,85800.9,847.89,9109.43,3.25,2.91
20221130,85796.5,87333.5,85574.9,86239.7,837.06,8777.98,0.51,2.05
20221201,87557.6,89394.2,87557.6,88200.4,868.04,9972.32,2.27,2.13
20221202,87917.3,89624.5,87684.1,87739.3,723.58,8094.77,-0.52,2.2
20221205,88550.3,90220.2,88483.6,89798.9,921.07,9950.53,2.35,1.98
20221206,89520.4,91527.8,89497.9,90237.4,815.79,9394.4,0.49,2.26
20221207,90073.2,91359.2,90057.7,90418.7,786.89,8962.06,0.2,1.44
20221208,90418.4,91314.4,89493.3,89572.3,748.09,8181.53,-0.94,2.01
20221209,89560.7,90603.0,89541.1,90528.5,820.4,9342.55,1.07,1.19
20221212,90505.0,91396.8,89852.6,89919.5,749.28,8485.88,-0.67,1.71
20221213,89914.4,90561.8,88381.5,88447.3,683.24,7670.54,-1.64,2.42
20221214,88432.1,89243.3,87098.6,87231.1,660.08,7593.15,-1.38,2.42
20221215,87201.0,88136.9,86164.0,86267.1,625.84,7237.14,-1.11,2.26
20221216,85830.0,86608.5,84413.8,84641.6,652.41,7176.68,-1.88,2.54
20221219,84613.2,84991.2,81698.5,82015.9,669.0,7175.96,-3.1,3.89
20221220,81718.1,82024.5,79475.7,79491.2,538.75,6075.15,-3.08,3.11
20221221,79494.1,79840.6,77079.6,77154.1,496.34,5436.22,-2.94,3.47
20221222,77282.0,77995.6,75089.5,75269.8,562.63,6247.0,-2.44,3.77
20221223,74810.5,75864.9,73166.1,73422.8,498.79,5499.96,-2.45,3.59
20221226,73535.8,74898.3,73391.1,73500.5,515.29,5842.75,0.11,2.05
20221227,73714.4,74193.4,73171.2,73208.6,560.36,6278.9,-0.4,1.39
20221228,72865.8,73550.2,71856.1,71883.8,561.81,6150.46,-1.81,2.31
20221229,71575.6,72415.5,70614.0,70643.3,530.19,5800.94,-1.73,2.51
20221230,70987.9,71508.4,69868.5,69917.1,531.95,5708.62,-1.03,2.32
20230103,69846.7,71846.6,69846.7,71836.8,667.65,7415.21,2.75,2.86
20230104,71917.1,73135.5,71857.4,72258.2,675.19,7402.03,0.59,1.78
20230105,72423.4,74318.8,72402.8,73949.8,657.05,7958.59,2.34,2.65
20230106,73973.3,75519.7,73973.3,74681.0,652.7,7863.39,0.99,2.09
20230109,75031.7,76664.9,75031.7,75677.9,607.71,7591.03,1.33,2.19
20230110,75651.3,76677.5,75593.0,75681.9,565.04,7035.51,0.01,1.43
20230111,75656.6,76713.0,74827.3,74944.8,576.5,6955.74,-0.97,2.49
20230112,75242.3,76216.9,74345.5,74434.9,547.25,6403.39,-0.68,2.5
20230113,74653.6,75251.6,74032.4,74463.2,542.27,6607.46,0.04,1.64
20230116,74666.3,77601.4,74666.3,76897.0,685.8,8566.62,3.27,3.94
20230117,76980.1,77888.4,76230.6,76380.2,547.19,6577.03,-0.67,2.16
20230118,76486.5,77300.0,75389.4,75462.6,516.81,5954.23,-1.2,2.5
20230119,75250.1,76023.0,75202.5,75445.4,542.23,6388.78,-0.02,1.09
20230120,75477.0,76858.2,75477.0,76218.9,606.39,7029.44,1.03,1.83
20230130,77875.4,80150.6,77875.4,79626.2,823.91,9958.95,4.47,2.99
20230131,79560.3,81113.6,79537.0,80391.4,733.13,8455.37,0.96,1.98
20230201,80590.0,83237.2,80580.9,83237.2,824.4,9452.62,3.54,3.3
20230202,83288.7,85306.0,83288.7,84674.8,808.67,9568.28,1.73,2.42
20230203,84393.4,85228.9,84223.4,84883.4,727.53,8565.64,0.25,1.19
20230206,84568.7,85989.9,84352.0,84508.2,677.39,8149.12,-0.44,1.93
20230207,84632.0,85452.4,84389.5,84580.2,678.02,7866.98,0.09,1.26
20230208,84704.1,85345.2,83407.1,83464.5,650.14,7520.52,-1.32,2.29
20230209,83171.5,85097.5,83171.5,85024.2,681.52,8348.01,1.87,2.31
20230210,85040.4,86226.9,84608.5,84698.4,702.9,8266.55,-0.38,1.9
20230213,84787.6,86719.5,84786.8,86517.7,748.65,9124.98,2.15,2.28
20230214,86653.4,87921.6,86442.3,86654.3,705.46,8551.24,0.16,1.71
20230215,86660.0,87686.1,86660.0,87073.8,719.33,8739.11,0.48,1.18
20230216,87021.1,88640.7,86592.0,87593.5,964.8,11174.39,0.6,2.35
20230217,87627.1,88622.5,86469.4,86526.9,717.27,8578.47,-1.22,2.46
20230220,86741.1,88580.0,86681.3,88580.0,750.16,8949.92,2.37,2.19
20230221,88560.7,90385.5,88541.9,88952.1,741.61,8686.54,0.42,2.08
20230222,88332.4,89573.3,87592.6,87737.3,613.2,7364.05,-1.37,2.23
20230223,87777.1,88658.2,86446.7,86649.0,633.14,7587.13,-1.24,2.52
20230224,86714.9,87274.0,85000.0,85021.8,549.97,6804.61,-1.88,2.62
20230227,84892.1,85854.6,83484.0,83582.7,567.17,7014.7,-1.69,2.79
20230228,84011.8,84794.2,82898.1,83559.3,584.83,7040.63,-0.03,2.27
20230301,83437.7,85352.9,83437.7,84951.7,716.33,8593.13,1.67,2.29
20230302,84913.2,86243.8,84908.9,85098.9,742.22,8728.46,0.17,1.57
20230303,85047.3,86170.1,84967.1,85058.6,714.85,8103.07,-0.05,1.41
20230306,85147.6,86446.0,85127.1,85802.5,709.18,8832.23,0.87,1.55
20230307,85660.5,86605.8,84599.3,84702.9,781.93,8735.69,-1.28,2.34
20230308,84462.4,85779.0,83582.7,83979.9,560.74,6668.69,-0.85,2.59
20230309,83985.3,84650.3,82997.4,83066.2,577.56,6973.63,-1.09,1.97
20230310,82674.2,83545.8,81570.3,81599.3,626.19,7480.68,-1.77,2.38
20230313,81580.0,82796.3,81580.0,82402.2,642.38,7796.62,0.98,1.49
20230314,82237.1,83033.8,82090.6,82446.9,698.22,8580.69,0.05,1.14
20230315,82900.3,84241.5,82400.4,82485.9,638.23,7485.11,0.05,2.23
20230316,81985.9,83075.2,81255.5,81363.4,668.57,7819.99,-1.36,2.21
20230317,82026.4,83973.1,81996.8,83273.1,728.78,8896.6,2.35,2.43
20230320,83566.8,85934.2,83562.7,84542.5,810.2,9684.88,1.52,2.85
20230321,84691.0,86098.0,84674.6,85719.5,672.52,8245.24,1.39,1.68
20230322,85977.4,87574.8,85977.4,86804.8,719.39,8818.29,1.27,1.86
20230323,86552.1,88356.0,86552.1,88356.0,723.53,9279.85,1.79,2.08
20230324,88382.0,89898.2,88382.0,89517.7,782.71,9832.2,1.31,1.72
20230327,89532.6,91529.6,89532.6,91008.2,811.12,10446.19,1.67,2.23
20230328,90808.7,91880.5,89950.8,90121.8,723.74,9241.89,-0.97,2.12
20230329,90179.9,91196.8,89944.6,90105.9,692.17,8936.16,-0.02,1.39
20230330,90194.6,91018.0,89659.4,89942.1,675.29,8654.55,-0.18,1.51
20230331,90011.7,91337.1,89933.3,90988.5,666.74,8730.85,1.16,1.56
20230403,91192.3,94836.5,91192.3,94836.5,832.75,11400.9,4.23,4.01
20230404,94747.9,97411.5,94747.9,96929.4,866.83,11905.87,2.21,2.81
20230406,96316.3,98806.1,96316.3,97901.7,754.87,10557.7,1.0,2.57
20230407,98012.7,99721.2,97939.8,98551.3,687.96,9411.81,0.66,1.82
20230410,98926.3,100526.4,97736.1,97975.1,792.74,10927.32,-0.58,2.83
20230411,98081.3,99707.1,97970.5,98331.5,722.12,9733.19,0.36,1.77
20230412,98296.9,100545.5,98252.4,99621.6,773.6,10245.5,1.31,2.33
20230413,99277.1,100818.7,98388.0,98554.7,796.11,10319.96,-1.07,2.44
20230414,98922.2,100204.0,98922.2,99385.2,754.25,9985.16,0.84,1.3
20230417,99207.7,101265.0,99207.7,99861.5,803.87,10145.17,0.48,2.07
20230418,99529.9,101044.0,99529.9,99762.9,726.61,9635.9,-0.1,1.52
20230419,99682.7,101135.8,99199.3,99404.4,740.53,9783.22,-0.36,1.94
20230420,99424.3,101000.0,99424.3,100578.7,756.69,10127.08,1.18,1.59
20230421,100589.2,101660.8,98358.4,98400.5,837.64,10941.94,-2.17,3.28
20230424,98511.0,99845.8,97514.1,98044.3,757.97,9818.9,-0.36,2.37
20230425,97924.6,98586.9,96376.3,97144.9,821.73,10318.71,-0.92,2.25
20230426,96851.0,98631.9,96851.0,97209.0,773.41,10206.64,0.07,1.83
20230427,96653.6,98655.2,96229.6,96653.1,738.01,9557.72,-0.57,2.5
20230428,96667.0,99667.5,96667.0,99288.6,834.2,10213.26,2.73,3.1
20230504,99243.2,101415.8,99243.2,100550.9,944.72,10871.27,1.27,2.19
20230505,100376.5,101555.7,99419.7,99559.9,858.53,9916.76,-0.99,2.12
20230508,99848.5,102099.7,99807.9,101199.9,955.04,10648.17,1.65,2.3
20230509,101088.6,103368.7,100858.9,100948.7,1034.97,11434.25,-0.25,2.48
20230510,100731.2,102088.8,99639.0,100179.8,823.17,9483.84,-0.76,2.43
20230511,100562.1,101244.3,98584.8,98616.7,721.62,8342.45,-1.56,2.65
20230512,98328.6,99441.7,95678.3,95726.3,698.72,7888.02,-2.93,3.82
20230515,95917.4,96632.8,95017.1,96165.8,755.58,8741.49,0.46,1.69
20230516,96028.5,96694.9,93656.4,93849.0,658.41,8014.73,-2.41,3.16
20230517,93450.6,94985.9,92395.6,92601.2,594.92,7203.15,-1.33,2.76
20230518,92670.0,94217.5,92315.3,92386.9,662.33,8082.0,-0.23,2.05
20230519,92192.4,93060.6,90970.2,91007.1,620.29,7690.32,-1.49,2.26
20230522,90965.2,91896.7,89621.9,89665.1,602.8,7322.05,-1.47,2.5
20230523,89496.9,89957.5,87072.0,87073.7,599.9,7090.36,-2.89,3.22
20230524,87046.7,87905.8,85782.5,85800.8,616.74,7359.8,-1.46,2.44
20230525,85823.0,86778.6,84475.6,85340.4,644.05,7901.6,-0.54,2.68
20230526,85199.1,86301.3,85078.9,85113.4,603.27,7545.63,-0.27,1.43
20230529,85575.7,86888.3,85023.8,85134.7,673.94,8420.78,0.03,2.19
20230530,84830.4,86125.6,84783.0,86054.7,683.07,8638.09,1.08,1.58
20230531,85839.3,87128.5,85559.3,85948.6,663.08,8606.9,-0.12,1.82
20230601,85946.1,87967.5,85567.4,86569.4,710.61,9050.53,0.72,2.79
20230602,86584.1,88242.4,86584.1,86978.7,682.71,8679.19,0.47,1.92
20230605,87069.3,88605.1,86665.2,86779.3,636.15,7998.75,-0.23,2.23
20230606,86476.7,87638.2,84827.1,85144.0,704.54,8629.55,-1.88,3.24
20230607,85134.3,86315.5,84275.1,84560.4,590.58,7506.86,-0.69,2.4
20230608,84380.8,85164.0,83651.5,83711.3,645.18,7917.55,-1.0,1.79
20230609,83795.3,85167.8,83795.3,85151.5,697.65,8965.92,1.72,1.64
20230612,85537.3,87164.8,85537.3,86303.5,698.7,8861.44,1.35,1.91
20230613,86141.9,87729.9,86141.9,86855.6,663.08,8656.95,0.64,1.84
20230614,86884.7,88322.0,86884.7,87327.5,711.1,9241.15,0.54,1.65
20230615,87390.3,89014.2,87390.3,88660.8,725.06,9862.49,1.53,1.86
20230616,88611.9,90611.5,88611.9,90515.6,730.89,9817.52,2.09,2.26
20230619,90526.6,92377.1,90526.6,91728.7,734.52,10090.38,1.34,2.04
20230620,91649.3,92874.6,91496.8,92095.6,702.43,9916.56,0.4,1.5
20230621,91655.4,92415.5,89555.9,89591.1,691.78,9352.96,-2.72,3.11
20230626,88923.7,90193.9,87292.2,87550.4,711.94,8986.32,-2.28,3.24
20230627,87771.4,88963.8,87697.1,87807.8,639.88,7738.93,0.29,1.45
20230628,87469.9,87567.3,86422.4,86552.2,657.16,8141.37,-1.43,1.3
20230629,86584.7,87614.3,86363.9,86380.5,612.91,7944.21,-0.2,1.44
20230630,86361.0,87711.1,86110.3,86996.3,650.89,8433.08,0.71,1.85
20230703,87428.4,88962.4,87428.4,87898.9,732.76,9394.11,1.04,1.76
20230704,87772.2,89105.1,87772.2,88192.9,658.35,8509.61,0.33,1.52
20230705,88018.6,89018.5,86511.0,86668.0,632.48,7981.73,-1.73,2.84
20230706,86417.1,88149.3,85633.9,85750.6,609.09,7554.22,-1.06,2.9
20230707,85564.0,85940.0,83996.4,84034.1,624.15,7394.12,-2.0,2.27
20230710,84543.8,85375.7,83114.3,83168.8,566.3,7069.02,-1.03,2.69
20230711,83168.2,84155.5,82815.5,82914.6,563.07,7121.45,-0.31,1.61
20230712,82827.8,83763.8,81575.9,81742.2,670.29,8445.87,-1.41,2.64
20230713,82054.6,83454.5,82054.6,83157.2,656.39,8559.86,1.73,1.71
20230714,83356.9,84706.1,83271.6,83359.9,657.88,8544.04,0.24,1.73
20230717,83052.0,84228.4,82127.8,82340.6,599.25,7462.15,-1.22,2.52
20230718,82350.0,82891.3,81052.5,81114.0,583.07,7200.25,-1.49,2.23
20230719,81134.4,81768.0,79564.9,79658.7,532.16,6475.91,-1.79,2.72
20230720,79746.5,80253.6,77728.6,77894.7,610.39,7327.7,-2.21,3.17
20230721,77846.4,78757.8,76563.0,76627.4,584.43,6627.4,-1.63,2.82
20230724,76413.5,78012.3,75427.7,75488.2,558.4,6144.12,-1.49,3.37
20230725,76633.5,78651.8,76544.1,78342.7,773.29,8966.14,3.78,2.79
20230726,78068.0,79155.5,77320.3,77542.4,719.8,7432.31,-1.02,2.34
20230727,77533.0,78753.6,76697.0,76862.9,734.24,7323.72,-0.88,2.65
20230728,76582.2,79169.0,76582.2,79169.0,866.24,8951.94,3.0,3.37
20230731,79678.2,83048.2,79678.2,82603.5,978.09,10456.31,4.34,4.26
20230801,82369.1,84169.3,82369.1,83271.5,927.27,9050.32,0.81,2.18
20230802,83010.2,84468.8,82754.1,82906.4,821.05,7854.52,-0.44,2.06
20230803,82692.3,83749.5,82692.3,82992.2,788.33,7865.35,0.1,1.28
20230804,83640.0,85379.3,83640.0,84878.8,942.98,9970.87,2.27,2.1
20230807,84653.2,86160.6,84312.0,84613.6,762.28,8354.75,-0.31,2.18
20230808,84533.1,85228.9,83347.4,83390.9,683.72,7530.33,-1.45,2.22
20230809,83061.0,83811.8,81430.0,81566.1,618.51,6917.01,-2.19,2.86
20230810,81436.4,82328.0,80301.1,80420.1,598.87,6522.32,-1.4,2.48
20230811,80326.8,80691.3,78127.2,78220.5,689.82,7208.4,-2.74,3.19
20230814,78065.7,78820.0,77700.3,77977.8,632.82,6980.87,-0.31,1.43
20230815,77938.0,78569.6,76386.4,76622.0,591.17,6601.0,-1.74,2.8
20230816,76260.0,76866.3,74943.3,74966.5,602.68,6594.12,-2.16,2.51
20230817,74622.5,75994.2,74570.0,75159.0,630.42,6929.66,0.26,1.9
20230818,75355.3,75967.5,73355.5,73362.3,641.18,6901.92,-2.39,3.48
20230821,73267.0,74465.9,71927.0,71933.6,573.38,6337.87,-1.95,3.46
20230822,72612.3,73190.4,71462.5,73184.7,679.63,7644.02,1.74,2.4
20230823,72810.8,73175.6,71038.2,71076.7,596.15,6639.92,-2.88,2.92
20230824,71139.4,72655.6,71139.4,71484.6,652.24,7384.14,0.57,2.13
20230825,70923.4,72173.2,69931.0,70265.0,664.93,7165.6,-1.71,3.14
20230828,74805.6,75891.0,73629.6,73986.6,994.25,10596.87,5.3,3.22
20230829,73780.9,78046.8,73780.9,77903.7,882.34,9590.85,5.29,5.77
20230830,78017.9,80226.2,78017.9,79274.5,795.25,8929.06,1.76,2.83
20230831,78951.1,80264.9,78420.3,78578.5,689.7,7478.47,-0.88,2.33
20230901,78986.5,79918.9,77752.8,77884.7,633.92,6838.36,-0.88,2.76
20230904,78390.1,80167.9,78378.9,79590.0,764.01,8216.77,2.19,2.3
20230905,79321.3,80234.5,78559.7,78647.1,662.98,7406.32,-1.18,2.1
20230906,78576.4,79154.1,78133.9,78364.5,622.34,7044.67,-0.36,1.3
20230907,78212.6,78821.5,76557.4,76586.4,639.45,7031.72,-2.27,2.89
20230908,76303.0,77028.2,75530.6,75549.9,553.75,6234.73,-1.35,1.96
20230911,75704.9,77435.5,75584.9,76650.2,663.29,7717.45,1.46,2.45
20230912,76527.8,77398.5,75622.3,75659.8,562.55,6555.61,-1.29,2.32
20230913,75443.8,75990.7,73787.3,74030.3,591.07,6480.04,-2.15,2.91
20230914,73965.6,74497.0,72604.9,72735.4,586.23,6222.32,-1.75,2.56
20230915,72947.6,73801.7,72055.6,72407.3,607.88,6678.51,-0.45,2.4
20230918,72104.9,73929.8,72070.6,72257.9,580.12,6500.25,-0.21,2.57
20230919,72059.4,72422.1,70767.1,70785.7,557.66,5931.66,-2.04,2.29
20230920,70583.1,71268.1,69012.1,69027.5,511.27,5363.99,-2.48,3.19
20230921,68829.3,69639.8,67614.0,67631.4,514.72,5447.6,-2.02,2.93
20230922,67569.8,69523.8,67569.8,69523.8,637.98,7141.23,2.8,2.89
20230925,69512.2,70486.4,69141.8,69173.4,587.57,6689.81,-0.5,1.93
20230926,69087.5,70095.5,68391.2,68399.1,523.98,6175.47,-1.12,2.46
20230927,68417.5,69808.4,68417.5,68640.1,569.76,6642.79,0.35,2.03
20230928,68957.3,69903.0,68907.6,69096.9,573.98,6662.44,0.67,1.45
20231009,69109.7,70417.7,69081.2,69512.1,635.99,7209.17,0.6,1.93
20231010,69905.7,70854.2,69554.1,69661.8,637.29,7258.6,0.22,1.87
20231011,69837.3,71627.4,69837.3,70613.5,650.42,7780.44,1.37,2.57
20231012,71155.1,72145.5,71038.8,71653.0,662.26,7746.07,1.47,1.57
20231013,71230.3,72594.4,71230.3,71667.4,646.03,7548.22,0.02,1.9
20231016,71678.9,72642.9,71011.8,71383.6,672.15,7575.97,-0.4,2.28
20231017,71393.4,72001.0,70872.6,71062.4,621.71,6879.12,-0.45,1.58
20231018,70760.7,71567.6,70097.0,70161.3,646.73,7165.71,-1.27,2.07
20231023,68262.1,68874.2,66860.3,67303.9,646.53,6701.58,-4.07,2.87
20231024,67778.7,69805.0,67642.1,68847.9,696.59,7512.09,2.29,3.21
20231025,69499.5,71587.8,69469.2,70553.2,756.57,8213.15,2.48,3.08
20231026,70205.1,71776.3,70205.1,71321.4,711.87,7920.75,1.09,2.23
20231027,71032.7,73769.1,71032.7,73680.4,778.83,8987.22,3.31,3.84
20231030,73629.5,76695.1,73629.5,76680.1,827.29,9546.98,4.07,4.16
20231031,76681.6,77956.0,76469.0,76810.2,753.51,8516.51,0.17,1.94
20231101,76941.1,77974.7,76486.8,76548.6,671.48,7569.27,-0.34,1.94
20231102,76673.5,77290.2,75185.8,75221.4,656.94,7174.88,-1.73,2.75
20231103,75398.8,77279.3,75398.8,76172.8,660.46,7497.57,1.26,2.5
20231106,76890.2,79875.5,76890.2,79829.5,864.74,9853.89,4.8,3.92
20231107,79643.1,81348.5,79643.1,81072.8,796.42,9231.37,1.56,2.14
20231108,80929.6,82881.4,80929.6,82196.5,829.55,9590.87,1.39,2.41
20231109,82061.4,83273.5,81617.4,81735.2,761.44,8947.0,-0.56,2.01
20231110,81232.1,82384.4,80546.8,80588.4,661.16,7678.16,-1.4,2.25
20231113,81000.8,82360.9,80838.5,81086.6,696.28,8078.19,0.62,1.89
20231114,81031.8,82533.2,80994.1,81533.8,717.92,8219.95,0.55,1.9
20231115,82387.6,83430.7,82216.1,82423.5,758.57,9115.19,1.09,1.49
20231116,82029.1,83218.8,81091.2,81107.3,678.81,7880.57,-1.6,2.58
20231117,81049.8,81822.1,80641.9,80845.5,666.61,7664.07,-0.32,1.46
20231120,80996.9,82310.1,80996.9,81627.8,729.61,8516.89,0.97,1.62
20231121,81787.9,83164.1,81372.6,81612.8,841.47,9310.03,-0.02,2.19
20231122,81269.4,82219.8,80159.8,80171.9,754.0,8196.52,-1.77,2.52
20231123,80083.5,81312.6,80020.9,80142.3,709.4,7744.04,-0.04,1.61
20231124,80091.0,80522.3,78429.9,78485.9,721.01,7638.55,-2.07,2.61
20231127,78346.1,79286.2,78119.0,78154.7,709.41,7717.78,-0.42,1.49
20231128,77987.6,79302.1,77711.0,77947.6,635.93,7162.81,-0.26,2.04
20231129,77843.8,78738.2,76840.6,76878.5,647.98,7164.66,-1.37,2.43
20231130,76992.0,77803.5,75895.5,76387.4,649.36,7180.78,-0.64,2.48
20231201,76255.9,77205.4,76235.8,77008.8,687.49,7783.9,0.81,1.27
20231204,77234.7,78606.1,77078.8,77091.0,688.18,7915.57,0.11,1.98
20231205,77081.1,77474.6,75481.3,75498.8,681.62,7691.96,-2.07,2.59
20231206,75446.9,76939.0,75358.6,75748.5,680.53,7609.7,0.33,2.09
20231207,75624.0,76519.2,75624.0,75662.8,671.59,7554.72,-0.11,1.18
20231208,75697.2,77099.0,75697.2,76772.6,780.76,8673.71,1.47,1.85
20231211,76330.9,78439.8,76260.2,78439.8,760.61,8385.24,2.17,2.84
20231212,78442.9,79451.7,77949.9,78137.5,647.87,7301.08,-0.39,1.91
20231213,77921.1,78675.0,76730.8,76778.7,635.22,7150.65,-1.74,2.49
20231214,77227.9,77895.8,75521.5,75590.8,624.19,6891.76,-1.55,3.09
20231215,75880.8,76674.3,74568.3,74723.4,635.46,6883.38,-1.15,2.79
20231218,74437.8,75408.3,72998.5,73175.9,633.78,6503.21,-2.07,3.22
20231219,73070.2,73948.8,71698.0,72202.7,571.4,6020.7,-1.33,3.08
20231220,72307.6,72704.0,70268.5,70299.9,577.2,6234.49,-2.64,3.37
20231221,70007.5,71765.7,70007.5,70872.9,629.63,6852.42,0.82,2.5
20231222,70838.0,71334.6,69821.4,70106.6,677.88,7315.06,-1.08,2.14
20231225,70104.0,70845.6,69079.8,69133.2,529.78,5669.97,-1.39,2.52
20231226,69100.0,69265.8,67259.3,67349.3,529.85,5706.78,-2.58,2.9
20231227,67575.5,67958.0,67079.2,67123.2,563.66,5955.75,-0.34,1.3
20231228,66961.6,70154.2,66961.6,69908.2,731.83,8262.3,4.15,4.76
20231229,69988.5,72023.3,69988.5,71535.7,667.25,7642.31,2.33,2.91
20240102,71811.0,72985.8,71616.2,71649.2,674.53,7362.74,0.16,1.91
20240103,71647.2,72336.0,70939.6,71196.9,637.5,6869.86,-0.63,1.95
20240104,71043.8,71469.6,70082.0,70221.3,582.77,6304.56,-1.37,1.95
20240105,70035.5,71017.1,68757.3,69172.4,652.7,6906.89,-1.49,3.22
20240108,68974.4,69624.8,67740.0,67754.1,594.96,6156.77,-2.05,2.72
20240109,68012.4,69379.6,67523.2,67799.0,598.07,6293.15,0.07,2.74
20240110,67396.8,68962.1,66776.4,66776.4,571.74,6055.41,-1.51,3.22
20240111,66660.9,68505.1,66660.9,68092.1,632.98,6673.3,1.97,2.76
20240112,67989.1,69210.9,67219.3,67258.4,620.44,6345.7,-1.22,2.92
20240115,66913.0,68407.1,66559.8,66609.0,553.83,5695.34,-0.97,2.75
20240116,66537.4,67354.1,65812.6,66639.6,640.03,6428.18,0.05,2.31
20240117,66374.1,66811.6,64687.5,64699.4,584.67,5998.23,-2.91,3.19
20240118,64455.0,66937.2,64396.6,66937.2,816.08,8133.74,3.46,3.93
20240119,66810.5,68031.3,66020.4,66031.6,587.59,6262.7,-1.35,3.0
20240122,65880.1,66247.1,63577.0,64293.4,752.47,7438.63,-2.63,4.04
20240123,64128.8,66170.9,63675.2,65372.8,670.35,6577.05,1.68,3.88
20240124,65864.6,67070.1,64529.6,67070.1,759.59,7196.9,2.6,3.89
20240125,66887.5,70694.1,66881.9,70694.1,856.85,8393.29,5.4,5.68
20240126,70538.4,72410.9,70538.4,71081.5,816.4,7837.33,0.55,2.65
20240129,71186.1,71784.1,69895.8,69898.2,786.02,7572.48,-1.66,2.66
20240130,69239.3,70599.3,67713.4,67816.6,658.48,6216.29,-2.98,4.13
20240131,67440.1,68432.0,66162.8,66365.1,788.96,7111.55,-2.14,3.35
20240201,66075.6,68706.4,65735.7,66415.3,731.89,6568.48,0.08,4.48
20240202,66677.8,67324.6,63455.8,65719.5,873.18,7549.41,-1.05,5.83
20240205,64818.8,66809.3,63025.2,64839.1,987.41,8181.89,-1.34,5.76
20240206,63595.2,70586.4,63353.1,69984.9,1066.74,8658.37,7.94,11.16
20240207,70044.5,73872.2,69712.3,73418.9,1132.37,9494.17,4.91,5.94
20240208,73749.0,78483.3,73749.0,78236.6,1125.66,9447.61,6.56,6.45
20240219,79523.3,82076.0,79335.5,81443.3,988.31,8883.5,4.1,3.5
20240220,80959.6,82515.9,80575.0,81666.1,771.71,7377.89,0.27,2.38
20240221,80636.8,85216.5,80636.8,83433.3,964.84,9228.82,2.16,5.61
20240222,83521.1,85454.5,83521.1,84449.9,793.27,7724.19,1.22,2.32
20240223,84973.4,86250.0,84672.2,85917.9,878.31,8641.28,1.74,1.87
20240226,86050.1,87992.7,86050.1,86807.2,940.36,9189.67,1.04,2.26
20240227,86315.8,89416.0,86227.2,89416.0,881.58,9183.58,3.01,3.67
20240228,89644.1,92340.6,88263.3,88280.9,1276.61,12641.38,-1.27,4.56
20240229,87753.3,92302.7,87753.3,91997.1,948.4,9760.74,4.21,5.15
20240301,92280.1,94424.2,92280.1,93492.0,894.32,9825.31,1.62,2.33
20240304,93898.9,95527.5,93696.6,94410.5,894.19,10060.27,0.98,1.96
20240305,93470.2,95300.1,93338.4,93786.7,871.69,9971.56,-0.66,2.08
20240306,93331.8,95128.0,93187.5,93285.1,786.93,8727.37,-0.53,2.07
20240307,93644.7,94725.1,91592.5,91595.1,866.46,9209.08,-1.81,3.36
20240308,92156.9,92915.4,91386.2,91711.3,734.21,8025.35,0.13,1.67
20240311,91595.6,93444.6,91595.6,93444.6,831.11,9402.47,1.89,2.02
20240312,93696.1,95471.3,93686.3,94777.9,958.64,10782.43,1.43,1.91
20240313,94786.5,96085.7,94540.3,94829.5,871.35,9907.16,0.05,1.63
20240314,94832.7,96139.2,93264.7,93917.8,851.0,9420.97,-0.96,3.03
20240315,93794.8,94515.9,93159.8,94197.6,816.48,8862.72,0.3,1.44
20240318,94772.5,96998.6,94772.5,96731.6,944.85,10645.21,2.69,2.36
20240319,96367.0,98332.1,96070.7,96101.6,896.66,10092.24,-0.65,2.34
20240320,96017.9,97402.3,96017.9,96287.8,839.32,9344.63,0.19,1.44
20240321,96744.4,97936.0,96019.6,96108.6,902.38,9932.6,-0.19,1.99
20240322,95859.2,96420.3,95206.0,95234.0,937.33,10271.03,-0.91,1.26
20240325,95182.5,96346.0,92981.0,93009.2,893.57,9764.38,-2.34,3.53
20240326,93241.2,93938.7,91518.5,92065.5,812.17,8981.18,-1.01,2.6
20240327,91780.0,91933.5,88323.1,88350.4,792.85,8374.19,-4.04,3.92
20240328,88453.3,91476.3,88453.3,89862.1,814.59,8758.32,1.71,3.42
20240329,89814.1,90869.9,89246.4,89556.9,768.37,8092.54,-0.34,1.81
20240401,89578.4,92733.2,89578.4,91558.9,873.06,9420.88,2.24,3.52
20240402,91562.1,92278.8,90140.2,90621.4,880.1,9159.22,-1.02,2.34
20240403,90383.7,91000.6,89298.8,89369.0,839.04,8658.25,-1.38,1.88
20240408,89225.2,90717.9,87981.6,88003.0,865.8,8829.42,-1.53,3.06
20240409,87957.3,88984.9,87452.3,87609.5,730.72,7521.95,-0.45,1.74
20240410,87318.1,87766.4,85180.7,85337.5,776.05,7842.64,-2.59,2.95
20240411,85335.7,86669.5,84684.4,84768.5,743.02,7642.12,-0.67,2.33
20240412,84887.8,85740.3,83472.5,83655.6,734.54,7646.56,-1.31,2.68
20240415,83576.3,85721.2,82899.8,84031.4,984.39,9399.77,0.45,3.37
20240416,83269.4,83532.3,81243.8,81329.0,961.03,8936.98,-3.22,2.72
20240417,82394.1,85535.4,82394.1,85249.7,901.93,8640.9,4.82,3.86
20240418,84794.6,87514.7,84786.5,85728.0,880.51,8959.6,0.56,3.2
20240419,85216.1,86840.8,84686.8,84913.5,798.24,8137.95,-0.95,2.51
20240422,84449.0,86476.2,83786.8,83806.1,757.69,7773.94,-1.3,3.17
20240423,83964.3,84651.9,82761.1,82804.3,706.24,7336.91,-1.2,2.26
20240424,83079.0,84519.7,83019.9,83576.4,708.23,7484.86,0.93,1.81
20240425,83196.1,84928.8,82834.8,82886.3,697.32,7280.1,-0.83,2.51
20240426,83299.5,86348.9,83299.5,86346.8,959.05,10198.31,4.17,3.68
20240429,86635.9,90867.5,86635.9,90655.9,1063.73,11350.39,4.99,4.9
20240430,90817.0,92310.7,90580.4,90648.3,944.88,9694.15,-0.01,1.91
20240506,92256.3,94440.6,92256.3,93664.0,955.65,10381.69,3.33,2.41
20240507,93744.4,95232.5,93608.5,93778.9,857.15,9104.52,0.12,1.73
20240508,93181.0,94158.9,91621.1,91666.2,779.72,8126.02,-2.25,2.71
20240509,91652.7,93494.9,91652.7,92391.0,794.71,8413.19,0.79,2.01
20240510,92510.0,93034.1,91427.8,91485.1,838.13,8576.91,-0.98,1.74
20240513,90814.1,92443.1,90440.2,90626.8,827.1,8555.25,-0.94,2.19
20240514,90970.6,91821.4,89917.2,90020.0,757.13,7791.0,-0.67,2.1
20240515,89791.4,90706.4,87760.7,87858.2,726.25,7214.22,-2.4,3.27
20240516,88090.4,89291.6,87305.5,87574.1,811.81,8042.62,-0.32,2.26
20240517,87557.3,88876.5,87365.4,88490.6,851.86,8416.91,1.05,1.73
20240520,88733.0,90938.8,88733.0,89766.7,933.93,9409.91,1.44,2.49
20240521,89302.7,90173.6,87838.0,87949.6,765.54,7552.95,-2.02,2.6
20240522,87924.0,88841.2,87369.6,87450.6,775.14,7839.64,-0.57,1.67
20240523,87063.4,87557.5,85187.3,85331.9,805.34,8002.31,-2.42,2.71
20240524,85107.1,86238.1,83186.1,83240.4,703.81,7156.1,-2.45,3.58
20240527,83680.0,84193.9,82897.5,83414.6,713.7,7219.07,0.21,1.56
20240528,83103.6,84327.2,81591.9,81624.9,701.45,6953.03,-2.15,3.28
20240529,81797.2,83005.6,80565.8,80705.8,675.85,6681.0,-1.13,2.99
20240530,80280.6,81424.3,79111.4,79267.9,681.63,6782.37,-1.78,2.87
20240531,79495.4,80556.3,78399.3,78577.5,655.02,6684.52,-0.87,2.72
20240603,78534.0,79983.6,77854.8,78343.7,780.34,7695.17,-0.3,2.71
20240604,78001.8,78949.8,77668.1,78225.6,705.49,6973.28,-0.15,1.64
20240605,77898.2,78937.6,76313.0,76335.4,665.97,6429.03,-2.42,3.36
20240606,76539.6,77365.1,75312.6,75518.5,843.86,7897.43,-1.07,2.69
20240607,76222.5,77072.2,75256.8,75512.0,691.22,6715.07,-0.01,2.4
20240611,75056.3,76262.0,75056.3,75460.7,644.15,6473.94,-0.07,1.6
20240612,75423.2,76771.8,75407.7,75448.6,618.6,6379.1,-0.02,1.81
20240613,75448.6,76558.0,74841.8,74977.8,648.18,6824.0,-0.62,2.27
20240614,74767.5,76022.5,74536.9,75981.6,712.0,7700.87,1.34,1.98
20240617,75638.2,77315.5,75638.2,75935.2,631.61,6892.38,-0.06,2.21
20240618,75952.9,77494.1,75952.9,76293.4,640.06,6815.24,0.47,2.03
20240619,76393.1,76874.3,75046.5,75063.5,604.68,6485.61,-1.61,2.4
20240620,74901.9,75565.7,73462.2,73486.5,654.32,6509.19,-2.1,2.8
20240621,73154.7,74374.5,72297.3,72395.7,558.69,5638.88,-1.48,2.83
20240624,71887.8,72553.7,70335.5,70456.0,650.63,6349.89,-2.68,3.06
20240625,70468.6,71312.7,69015.8,69361.0,600.53,5957.19,-1.55,3.26
20240626,69300.0,70295.1,68965.1,70289.7,634.3,5961.98,1.34,1.92
20240627,69861.2,70538.5,68397.0,68427.8,604.83,5840.1,-2.65,3.05
20240628,68293.7,70357.1,68293.7,69040.1,667.53,6558.87,0.89,3.02
20240701,69224.6,69876.6,69219.7,69501.9,628.92,6125.01,0.67,0.95
20240702,69461.8,70530.8,68584.2,68742.2,637.15,6051.34,-1.09,2.8
20240703,68690.5,69114.0,67372.6,67409.7,575.16,5400.28,-1.94,2.53
20240704,67614.0,68074.1,65614.9,65627.6,612.34,5466.81,-2.64,3.65
20240705,65502.0,66022.6,65082.3,65399.3,574.74,5365.33,-0.35,1.43
20240708,65399.3,65669.6,63703.9,63902.3,593.09,5426.71,-2.29,3.01
20240709,63838.7,66082.3,63767.3,66003.1,692.91,6749.95,3.29,3.62
20240710,65657.2,67429.8,65657.2,65872.8,641.86,6354.47,-0.2,2.69
20240711,66861.8,68738.3,66745.2,68225.8,734.11,7354.88,3.57,3.03
20240712,67952.1,69186.1,67933.3,68024.7,655.57,6446.68,-0.29,1.84
20240715,67773.5,68606.3,66786.7,66919.5,586.46,5607.14,-1.62,2.67
20240716,66724.4,67597.7,66724.4,67178.1,569.33,5912.18,0.39,1.31
20240717,67101.7,67613.3,66425.5,66432.5,605.2,6288.16,-1.11,1.77
20240718,65740.1,67156.6,65740.1,66748.5,601.29,6199.95,0.48,2.13
20240719,66274.8,67910.7,66274.8,66970.3,578.43,6116.66,0.33,2.45
20240722,67090.3,68251.4,66898.3,67082.6,578.86,6042.27,0.17,2.02
20240723,66993.1,67374.2,65359.3,65394.2,631.63,6136.0,-2.52,3.0
20240724,65256.7,66039.4,64228.9,64391.8,633.95,5838.53,-1.53,2.77
20240725,63930.7,65272.8,63762.4,63835.6,570.01,5511.49,-0.86,2.35
20240726,63836.0,65360.9,63836.0,64374.6,593.6,5698.43,0.84,2.39
20240729,64442.3,65264.6,63933.3,63958.6,567.9,5509.8,-0.65,2.07
20240730,63641.0,64753.2,63426.9,63601.8,590.95,5644.92,-0.56,2.07
20240731,63501.7,67631.3,63501.7,67631.3,881.01,8470.32,6.34,6.49
20240801,67939.2,69272.9,67939.2,68214.8,756.19,7316.82,0.86,1.97
20240802,67613.2,69075.2,67151.1,67267.9,714.17,6766.76,-1.39,2.82
20240805,66702.1,68458.3,66338.7,66354.6,793.58,7401.59,-1.36,3.15
20240806,67431.7,67997.4,66274.6,66874.6,682.57,6152.03,0.78,2.6
20240807,66684.9,67685.8,66043.2,66074.1,605.12,5578.7,-1.2,2.46
20240808,65770.8,66904.3,65202.7,65247.7,664.45,5838.15,-1.25,2.58
20240809,65802.2,66288.7,64066.0,64066.0,641.98,5284.42,-1.81,3.41
20240812,64049.6,64565.5,62322.4,62504.6,570.25,4658.09,-2.44,3.5
20240813,62566.3,63198.2,61135.7,61670.0,529.85,4506.87,-1.34,3.3
20240814,61653.8,61960.7,60107.2,60109.7,518.19,4496.96,-2.53,3.01
20240815,60056.5,61921.9,59915.8,60513.1,659.74,5570.39,0.67,3.34
20240816,60629.5,61451.7,59976.4,60062.4,647.4,5583.81,-0.74,2.44
20240819,60010.2,61375.6,59644.5,59706.1,622.39,5381.42,-0.59,2.88
20240820,59719.2,59957.9,58380.0,58536.9,635.24,5272.0,-1.96,2.64
20240821,58260.0,59099.4,57618.4,57685.0,562.45,4811.22,-1.46,2.53
20240822,57731.5,58125.0,56550.0,56672.1,594.89,5190.55,-1.76,2.73
20240823,56535.4,57221.7,56128.2,56151.4,558.43,4798.71,-0.92,1.93
20240826,56390.0,57374.7,56075.7,56162.7,557.4,4971.01,0.02,2.31
20240827,55868.2,56360.1,54906.5,55041.3,555.52,4842.22,-2.0,2.59
20240828,54845.6,55829.1,54508.5,54586.9,546.28,4706.81,-0.83,2.4
20240829,54278.4,56123.0,54278.4,55694.1,640.03,5743.18,2.03,3.38
20240830,55836.5,59736.8,55836.5,59490.7,898.58,8279.95,6.82,7.0
20240902,59440.1,60529.3,59226.9,59260.4,756.17,6644.75,-0.39,2.19
20240903,59241.7,60768.6,59241.7,59681.9,632.54,5479.03,0.71,2.58
20240904,59389.6,60423.8,58843.9,58926.1,607.51,5308.09,-1.27,2.65
20240905,59077.6,60152.8,58711.3,58799.7,577.92,5049.83,-0.21,2.45
20240906,58802.4,59506.9,57546.1,57579.0,604.8,5136.04,-2.08,3.33
20240909,57347.7,58378.7,56656.2,56817.8,581.44,4924.55,-1.32,2.99
20240910,56811.3,57123.7,56248.6,56710.2,598.06,5004.99,-0.19,1.54
20240911,56402.6,57306.7,55918.8,56087.1,541.08,4713.69,-1.1,2.45
20240912,56331.1,57164.3,55485.7,55508.6,565.17,4877.93,-1.03,2.99
20240913,55508.3,56286.9,54691.4,54743.8,586.75,4923.16,-1.38,2.87
20240918,54755.5,55231.3,54050.7,54247.6,569.18,4514.26,-0.91,2.16
20240919,54255.3,56789.2,54255.3,55867.1,715.19,5959.26,2.99,4.67
20240920,55841.0,56599.5,55561.8,56057.1,657.04,5473.46,0.34,1.86
20240923,56018.3,57290.7,55983.3,56108.0,611.57,5234.21,0.09,2.33
20240924,56604.8,61644.1,56604.8,61644.1,1043.77,9235.32,9.87,8.98
20240925,62196.8,67172.3,62196.8,66632.4,1261.52,11046.54,8.09,8.07
20240926,66479.8,73206.0,66479.8,73206.0,1258.96,11082.6,9.87,10.09
20240927,75077.3,82601.9,75077.3,82601.9,1419.66,13952.53,12.83,10.28
20240930,87276.5,105609.2,87276.5,105609.2,2363.77,24294.11,27.85,22.19
20241008,119150.3,132256.91,118610.1,132256.91,2816.49,31973.62,25.23,12.92
20241009,127424.2,140071.41,125674.3,133169.7,2190.97,26618.95,0.69,10.89
20241010,135332.11,141295.41,132716.91,136360.7,1747.73,19718.4,2.4,6.44
20241011,134701.61,136193.91,130079.6,131699.8,1334.78,14507.6,-3.42,4.48
20241014,132799.5,137509.61,132041.2,136502.41,1362.31,15164.59,3.65,4.15
20241015,134694.7,140110.2,133625.2,133626.91,1332.87,15228.6,-2.11,4.75
20241016,131857.5,135883.3,131201.11,131918.7,1190.71,12954.7,-1.28,3.5
20241017,133425.7,135476.91,130336.4,130428.1,1258.63,13979.96,-1.13,3.9
20241018,130348.5,141578.41,130146.5,139167.41,1595.96,19238.3,6.7,8.76
20241021,140184.91,146970.91,140121.11,144396.7,1573.75,19651.74,3.76,4.92
20241022,143993.2,147690.3,143993.2,145463.91,1455.63,17545.74,0.74,2.56
20241023,145424.7,149137.2,144766.0,146161.7,1526.77,17853.59,0.48,3.01
20241024,145714.7,147095.8,142973.7,143162.11,1236.15,14113.52,-2.05,2.82
20241025,143997.11,147893.8,143866.0,145305.91,1419.67,16401.12,1.5,2.81
20241028,145710.7,149562.11,145648.11,148145.2,1592.45,17468.77,1.95,2.69
20241029,149048.2,152171.5,147558.61,147626.41,1715.59,19250.02,-0.35,3.11
20241030,147011.3,150516.7,147011.3,148013.5,1563.53,17268.62,0.26,2.37
20241104,149339.91,153579.2,149339.91,151049.2,1461.16,15981.16,2.05,2.86
20241105,151102.5,159146.0,151076.5,158826.0,1852.68,21521.47,5.15,5.34
20241106,159836.5,165100.91,159836.5,162712.8,2061.25,23994.09,2.45,3.31
20241107,160920.41,169428.41,160920.41,169428.41,2136.86,23598.8,4.13,5.23
20241108,172197.5,176576.5,171741.5,172519.5,2159.2,24860.64,1.82,2.85
20241111,171857.41,178330.5,171857.41,177874.11,1873.5,22852.27,3.1,3.75
20241112,178237.0,181610.3,175508.8,177343.5,1895.86,23459.23,-0.3,3.43
20241113,177328.8,179150.7,174770.0,175899.0,1539.57,18520.85,-0.81,2.47
20241114,175716.8,176694.5,168059.11,168309.3,1429.51,16968.04,-4.31,4.91
20241115,168270.3,170430.7,162011.91,162051.61,1433.58,16934.11,-3.72,5.0
20241118,163496.0,164884.41,156269.3,157165.91,1578.75,16409.83,-3.01,5.32
20241119,157496.8,159695.0,153311.61,157935.61,1363.0,14522.99,0.49,4.06
20241120,157209.61,160375.41,157209.61,157938.3,1346.6,14995.96,0.0,2.0
20241121,157488.41,159568.11,154849.61,155565.2,1314.76,14944.92,-1.5,2.99
20241122,155109.0,156811.41,149106.8,149170.11,1519.66,16666.91,-4.11,4.95
20241125,150115.5,150684.11,145005.91,147162.0,1279.52,13914.38,-1.35,3.81
20241126,146566.5,148822.41,142089.5,142163.41,1158.94,12268.11,-3.4,4.58
20241127,142057.61,143796.7,140367.5,143200.3,1276.55,13576.11,0.73,2.41
20241128,143318.61,145241.3,140482.8,140673.11,1333.73,13909.77,-1.76,3.32
20241129,140639.3,145092.3,140398.7,142783.41,1437.87,15890.04,1.5,3.34
20241202,142989.0,147605.91,142989.0,145709.2,1568.5,16666.14,2.05,3.23
20241203,145932.61,147401.5,144438.7,144954.11,1568.89,16110.44,-0.52,2.03
20241204,144943.61,146181.41,141577.91,142268.7,1517.01,15520.54,-1.85,3.18
20241205,141775.7,144542.3,141509.5,141868.0,1357.25,13982.17,-0.28,2.13
20241206,142097.61,145423.11,142097.61,143317.61,1689.56,16712.67,1.02,2.34
20241209,143310.7,145567.2,141568.8,141818.5,1617.27,15306.79,-1.05,2.79
20241210,147003.11,149857.3,145480.2,145857.91,1923.43,20558.13,2.85,3.09
20241211,145312.3,148440.41,145312.3,146748.41,1655.54,16512.28,0.61,2.14
20241212,146737.7,149118.5,146737.7,148199.0,1705.04,17461.98,0.99,1.62
20241213,146944.7,149205.2,146723.8,147010.5,1808.56,19188.04,-0.8,1.67
20241216,147302.5,148476.5,144051.3,144681.8,1516.56,15892.1,-1.58,3.01
20241217,144256.5,145281.0,139376.41,139505.5,1398.83,14210.41,-3.58,4.08
20241218,139520.7,141243.2,137756.3,138170.61,1226.16,12642.52,-0.96,2.5
20241219,136580.91,138799.2,136580.91,136743.11,1245.66,13378.49,-1.03,1.61
20241220,136453.8,139120.8,136398.3,136637.61,1186.12,13687.98,-0.08,1.99
20241223,136574.8,137540.11,132086.3,132127.11,1316.54,13971.74,-3.3,3.99
20241224,132886.91,134145.11,130642.3,131643.0,1108.66,12033.31,-0.37,2.65
20241225,131452.91,131667.7,127742.2,128136.4,1111.56,11758.93,-2.66,2.98
20241226,128003.8,130347.1,127775.3,127977.6,987.93,11572.17,-0.12,2.01
20241227,128048.9,130530.0,127331.2,127434.2,1150.0,13111.81,-0.42,2.5
20241230,127435.5,129072.0,125361.4,125551.0,1038.46,11758.65,-1.48,2.91
20241231,125712.1,126018.2,121367.5,121405.9,1121.09,12468.17,-3.3,3.7
20250102,121246.4,122712.8,117546.9,118723.8,1213.66,12958.43,-2.21,4.26
20250103,119194.2,119681.2,114169.7,114395.9,1175.84,11819.73,-3.65,4.64
20250106,114169.7,116288.9,111313.6,112041.5,994.07,9825.49,-2.06,4.35
20250107,112150.8,113921.8,111270.3,112919.9,975.23,9919.96,0.78,2.37
20250108,112072.6,113621.9,109918.6,112561.1,1129.0,11447.19,-0.32,3.28
20250109,112264.9,114320.0,111432.5,111432.5,964.82,10276.65,-1.0,2.57
20250110,111318.5,112715.6,107812.7,107813.6,994.2,10507.47,-3.25,4.4
20250113,106390.9,109204.4,105256.0,105852.2,855.38,8850.4,-1.82,3.66
20250114,106520.2,111580.5,106191.9,111580.5,1129.97,12402.63,5.41,5.09
20250115,111334.0,113174.9,109966.4,110204.2,1006.02,10947.83,-1.23,2.88
20250116,111055.7,113638.6,110252.2,110469.8,1083.76,11662.73,0.24,3.07
20250117,109906.9,111472.6,109515.4,109633.4,933.8,10332.91,-0.76,1.77
20250120,110761.3,112896.2,109507.9,109932.8,966.01,10904.63,0.27,3.09
20250121,110596.0,111228.3,109488.6,110001.9,955.64,10993.54,0.06,1.58
20250122,109356.7,110668.7,107872.8,108216.9,874.06,10416.96,-1.62,2.54
20250123,108367.2,112579.7,108367.2,108390.3,1077.75,12462.91,0.16,3.89
20250124,108234.9,110702.4,108234.9,109924.7,961.42,11221.37,1.42,2.28
20250127,110298.6,111312.8,107063.5,107063.5,895.18,10235.26,-2.6,3.87
20250205,108270.8,110094.7,108211.9,108426.5,957.59,11589.3,1.27,1.76
20250206,108167.4,113249.3,108167.4,113249.3,1134.26,13885.48,4.45,4.69
20250207,113409.7,119626.5,113409.7,119402.5,1443.59,17914.09,5.43,5.49
20250210,120073.1,123248.3,119972.7,123248.3,1321.42,15746.4,3.22,2.74
20250211,123183.7,125351.7,122996.6,123740.9,1243.66,14969.63,0.4,1.91
20250212,123426.1,126761.1,123426.1,126761.1,1237.5,15334.38,2.44,2.7
20250213,126657.6,128914.2,126657.6,127117.2,1370.18,16746.84,0.28,1.78
20250214,127212.1,129482.9,127212.1,128676.8,1280.58,15732.67,1.23,1.79
20250217,129886.7,133417.11,129873.0,132186.41,1415.0,17858.3,2.73,2.75
20250218,131659.5,133437.0,129451.2,130077.3,1365.59,16563.54,-1.6,3.02
20250219,130198.4,134103.91,130198.4,133697.0,1211.14,15636.88,2.78,3.0
20250220,134298.91,136947.41,134298.91,135330.3,1246.29,16078.91,1.22,1.98
20250221,136189.3,141436.91,136189.3,141183.2,1462.96,19778.67,4.32,3.88
20250224,141048.2,145256.0,140867.8,143052.0,1432.56,18905.19,1.32,3.11
20250225,140524.5,144885.8,140524.5,142605.8,1295.63,17149.84,-0.31,3.05
20250226,143292.5,146011.2,142993.5,145079.7,1347.36,17446.15,1.73,2.12
20250227,145084.2,146914.61,143614.2,145414.0,1469.74,20042.43,0.23,2.27
20250228,144389.61,145185.3,139826.61,140370.7,1393.1,18666.43,-3.47,3.69
20250303,141296.3,144425.11,138658.7,139580.3,1226.86,16244.3,-0.56,4.11
20250304,138223.8,141015.8,138223.8,139091.5,1064.48,14353.49,-0.35,2.0
20250305,139290.0,140621.2,138271.61,138593.41,1128.75,14936.03,-0.36,1.69
20250306,139178.11,143704.5,139178.11,142652.91,1359.84,19061.52,2.93,3.27
20250307,142008.7,144802.5,140906.11,141813.11,1337.4,18179.66,-0.59,2.73
20250310,142095.0,143423.5,140153.8,140342.41,1124.74,15053.9,-1.04,2.31
20250311,138622.7,141553.61,138272.91,139409.3,1118.12,14816.33,-0.66,2.34
20250312,140288.11,142001.8,139358.61,139404.61,1258.46,16835.1,-0.0,1.9
20250313,139175.41,139853.61,136012.11,136728.0,1248.63,16063.98,-1.92,2.76
20250314,136639.8,140859.8,136501.0,140625.5,1340.17,17915.01,2.85,3.19
20250317,141248.11,143707.41,140242.3,140498.11,1216.58,15727.3,-0.09,2.46
20250318,141074.11,142952.3,139781.61,140014.2,1124.61,15194.39,-0.34,2.26
20250319,139388.91,140625.0,137235.2,137734.41,1098.13,14662.33,-1.63,2.42
20250320,137442.41,138845.0,135430.3,135613.11,1111.34,14413.05,-1.54,2.48
20250321,134990.41,136429.7,132295.11,132520.5,1257.91,15504.23,-2.28,3.05
20250324,132647.3,133364.41,128733.0,130974.2,1244.24,14503.8,-1.17,3.49
20250325,130722.2,132032.3,127414.8,127798.8,1058.51,12580.01,-2.42,3.53
20250326,127579.7,130115.6,126175.4,126229.3,990.46,11540.76,-1.23,3.08
20250327,125761.8,127886.7,123891.8,123981.6,987.74,11903.81,-1.78,3.16
20250328,123982.5,125092.2,120870.5,120881.8,962.4,11187.71,-2.5,3.41
20250331,120675.8,121468.9,118195.1,119045.0,1038.72,12213.0,-1.52,2.71
20250401,119548.3,121327.4,118027.4,118092.5,927.96,11319.45,-0.8,2.77
20250402,118071.6,119733.3,115663.8,115880.2,808.81,9743.01,-1.87,3.45
20250403,115028.4,117151.6,113728.2,113744.5,922.71,11374.6,-1.84,2.95
20250407,107519.1,109446.9,104364.9,105722.2,1390.4,15870.8,-7.05,4.47
20250408,105292.3,109957.0,105292.3,109957.0,1480.31,16252.86,4.01,4.41
20250409,107776.8,116588.7,106100.9,116313.4,1556.46,16992.74,5.78,9.54
20250410,119199.6,123984.4,119178.3,121111.2,1388.42,16091.87,4.12,4.13
20250411,120405.7,123650.5,120405.7,122032.2,1113.01,13484.81,0.76,2.68
20250414,123694.6,125999.1,122765.5,122889.1,1100.9,12772.81,0.7,2.65
20250415,122795.5,123307.7,120003.3,120345.6,940.87,10770.39,-2.07,2.69
20250416,120000.7,120683.5,116502.7,117571.5,984.62,11117.15,-2.31,3.47
20250417,116867.3,119318.1,115368.3,115458.7,875.59,9993.36,-1.8,3.36
20250418,115258.3,115866.6,112343.7,112518.5,844.93,9145.18,-2.55,3.05
20250421,112389.2,114587.1,112290.8,112996.8,912.92,10411.75,0.43,2.04
20250422,113016.5,114386.0,111564.6,111599.6,972.51,10898.29,-1.24,2.5
20250423,112536.2,113815.5,111956.1,112011.2,1032.49,12295.81,0.37,1.67
20250424,111828.3,113433.0,109877.2,110013.1,971.77,11088.58,-1.78,3.17
20250425,110358.7,111857.1,109441.4,109493.0,992.67,11134.07,-0.47,2.2
20250428,109456.2,110542.6,107467.3,107479.5,966.9,10561.55,-1.84,2.81
20250429,107175.3,109380.2,106671.7,106803.1,896.9,10219.26,-0.63,2.52
20250430,106985.4,109207.6,106985.4,107598.3,994.34,11691.25,0.74,2.08
20250506,108702.2,111778.7,108702.2,111401.5,1107.9,13359.83,3.53,2.86
20250507,113307.6,114854.8,112505.1,113464.0,1220.5,14680.98,1.85,2.11
20250508,113002.4,115721.4,113002.4,114388.3,1066.98,12932.58,0.81,2.4
20250509,114134.2,115118.6,112275.2,112382.4,998.95,11918.86,-1.75,2.49
20250512,113466.5,116043.3,113414.8,114623.1,1012.93,13082.76,1.99,2.34
20250513,115724.1,117160.5,114100.4,114321.0,1039.22,12913.65,-0.26,2.67
20250514,114321.9,116001.4,114270.1,115190.5,1087.16,13165.99,0.76,1.51
20250515,114739.2,115733.6,112458.7,112517.8,995.09,11522.45,-2.32,2.84
20250516,112204.7,114041.6,111462.6,111555.7,936.34,10894.31,-0.86,2.29
20250519,111559.5,112510.8,110605.4,110729.1,956.57,10863.05,-0.74,1.71
20250520,110888.6,112299.6,110731.1,110875.6,1004.62,11695.33,0.13,1.42
20250521,110622.2,111992.9,109984.2,110080.5,991.83,11732.61,-0.72,1.81
20250522,109677.1,111253.2,107942.3,108079.6,951.15,11025.2,-1.82,3.01
20250523,107812.0,109451.5,106511.0,106633.9,961.84,11553.86,-1.34,2.72
20250526,106633.5,108236.9,105774.9,106018.8,831.64,10097.73,-0.58,2.31
20250527,105826.3,106493.7,104198.5,104325.4,841.79,9987.54,-1.6,2.16
20250528,104421.9,105233.5,102646.9,102745.9,876.77,10097.51,-1.51,2.48
20250529,102748.0,105631.5,102748.0,104462.4,1005.35,11852.31,1.67,2.81
20250530,104114.8,105050.6,102749.9,102945.5,981.02,11388.16,-1.45,2.2
20250603,102669.2,105374.2,102669.2,103736.6,958.34,11411.95,0.77,2.63
20250604,103912.8,105865.7,103912.8,104614.9,974.2,11528.53,0.85,1.88
20250605,104704.6,106110.5,104703.0,106062.5,1035.32,12901.92,1.38,1.35
20250606,105989.5,107404.3,105369.7,105562.4,943.25,11518.42,-0.47,1.92
20250609,105950.3,108799.7,105950.3,107672.9,1042.49,12862.25,2.0,2.7
20250610,107700.5,109005.5,107511.7,108323.2,1192.59,14151.8,0.6,1.39
20250611,108485.9,110783.4,108485.9,109049.1,1039.65,12552.74,0.67,2.12
20250612,108656.5,110801.2,108656.5,109630.3,1014.95,12716.3,0.53,1.97
20250613,109319.8,110668.4,109319.8,109980.1,1208.48,14670.65,0.32,1.23
20250616,109758.0,112614.0,109758.0,110794.0,973.73,12149.11,0.74,2.6
20250617,110977.0,112218.6,109735.9,110031.9,986.76,12070.77,-0.69,2.24
20250618,109758.9,110828.2,109350.9,109404.6,966.32,11909.26,-0.57,1.34
20250619,109193.5,110189.9,107339.2,107661.6,1025.4,12505.04,-1.59,2.61
20250620,107569.6,108515.1,105553.6,105763.7,866.73,10675.87,-1.76,2.75
20250623,105466.1,107714.0,105466.1,106710.6,922.75,11224.57,0.9,2.13
20250624,106701.4,110672.9,106701.4,109877.5,1127.82,14142.73,2.97,3.72
20250625,110190.6,113897.4,110190.6,113817.6,1231.21,16025.35,3.59,3.37
20250626,113777.6,116708.2,113777.6,115398.4,1217.86,15829.55,1.39,2.57
20250627,115786.6,118636.2,115786.6,117183.5,1221.93,15409.36,1.55,2.47
20250630,117814.1,120454.5,117814.1,119755.2,1133.37,14866.37,2.19,2.25
20250701,119850.8,121602.9,119802.4,120338.8,1139.66,14658.05,0.49,1.5
20250702,120006.5,121273.8,118914.5,119171.7,1176.16,13767.27,-0.97,1.96
20250703,119369.2,120958.2,119369.2,119579.7,1077.36,13095.87,0.34,1.33
20250704,119573.3,121302.5,119233.8,119434.0,1167.22,14283.65,-0.12,1.73
20250707,119216.8,121054.9,118358.7,118530.8,1015.01,12084.97,-0.76,2.26
20250708,118516.6,121124.1,118516.6,120810.4,1159.25,14537.64,1.92,2.2
20250709,120923.2,123228.5,120850.8,121306.8,1226.75,15049.76,0.41,1.97
20250710,121265.8,123194.7,121265.8,122261.2,1265.8,14939.36,0.79,1.59
20250711,122262.0,125967.2,122262.0,125426.9,1406.7,17118.44,2.59,3.03
20250714,125629.2,127860.0,125629.2,125918.6,1218.31,14584.58,0.39,1.78
20250715,126008.9,128253.6,126008.9,127144.3,1297.83,16118.01,0.97,1.78
20250716,127133.6,129515.5,127123.3,127335.6,1087.05,14418.54,0.15,1.88
20250717,127348.3,129699.3,127348.3,129536.6,1107.23,15391.16,1.73,1.85
20250718,129895.4,132236.91,129895.4,130529.7,1137.73,15708.56,0.77,1.81
20250721,130832.1,134131.8,130832.1,133520.61,1365.49,16996.87,2.29,2.53
20250722,133527.3,136944.61,133527.3,136936.5,1501.59,18927.25,2.56,2.56
20250723,136959.11,140095.8,136900.5,138722.11,1539.91,18642.75,1.3,2.33
20250724,138979.11,142706.2,138979.11,142630.5,1514.77,18444.02,2.82,2.69
20250725,142961.0,145385.8,142961.0,144062.11,1420.84,17869.82,1.0,1.7
20250728,144425.8,147464.2,144378.5,145981.11,1277.21,17419.14,1.33,2.14
20250729,145850.91,148306.3,145850.91,148110.91,1297.78,18028.88,1.46,1.68
20250730,147726.41,150148.11,147191.8,148188.7,1350.43,18439.65,0.05,2.0
20250731,148146.11,150709.11,147698.41,148448.8,1395.16,19357.5,0.18,2.03
20250801,148448.5,150568.8,147179.11,147273.91,1133.39,15981.54,-0.79,2.28
20250804,146602.91,149088.5,146602.91,147321.41,1046.43,14983.92,0.03,1.69
20250805,147959.8,149809.61,147314.2,147676.8,1137.05,15958.46,0.24,1.69
20250806,147475.61,149930.0,147475.61,148912.0,1207.65,17337.74,0.84,1.66
20250807,149265.61,151103.41,149265.61,149519.2,1246.2,18252.29,0.41,1.23
20250808,149262.3,151495.91,148814.0,148938.0,1207.61,17099.98,-0.39,1.79
20250811,149440.91,152857.91,149440.91,151689.2,1264.4,18266.91,1.85,2.29
20250812,152191.61,154513.2,152191.61,153339.3,1245.12,18811.06,1.09,1.53
20250813,153638.61,158018.7,153638.61,158018.7,1407.96,21505.24,3.05,2.86
20250814,158191.91,161501.7,158190.3,158891.3,1514.94,22788.97,0.55,2.1
20250815,158855.2,164300.2,158855.2,164299.0,1476.51,22442.62,3.4,3.43
20250818,165633.61,173341.2,165633.61,172964.0,1776.87,27636.66,5.27,4.69
20250819,172907.7,177819.5,172879.61,176210.8,1637.69,25877.86,1.88,2.86
20250820,175060.5,179231.7,174756.91,179231.7,1572.52,24077.28,1.71,2.54
20250821,180000.8,183042.3,178849.41,179874.8,1605.82,24235.17,0.36,2.34
20250822,180047.11,185830.2,180047.11,185830.2,1588.51,25462.03,3.31,3.22
20250825,188271.11,195632.8,188271.11,195554.11,1954.36,31403.93,5.23,3.96
20250826,194437.0,199144.8,194437.0,196921.8,1700.5,26775.86,0.7,2.41
20250827,197541.91,202471.91,197541.91,198303.2,2000.77,31649.17,0.7,2.5
20250828,198300.8,205870.2,198300.8,205816.91,1847.98,29703.6,3.79,3.82
20250829,205720.2,211089.3,205291.7,207932.5,1638.88,27979.02,1.03,2.82
20250901,209425.61,213327.5,209425.61,211616.41,1653.05,27496.03,1.77,1.88
20250902,211441.61,213128.41,207467.7,208625.8,1752.8,28746.48,-1.41,2.67
20250903,209339.91,210996.91,203383.3,204390.3,1501.6,23636.66,-2.03,3.65
20250904,205002.3,206840.41,196348.3,199234.61,1608.84,25439.33,-2.52,5.13
20250905,199511.7,204187.5,198721.8,204177.5,1441.85,23043.01,2.48,2.74
20250908,204713.61,208435.91,204566.61,204945.8,1481.52,24184.23,0.38,1.9
20250909,203789.91,206700.3,199950.11,200049.5,1357.69,21181.43,-2.39,3.29
20250910,200425.5,203600.2,197820.61,197825.0,1250.67,19778.39,-1.11,2.89
20250911,197809.11,204477.0,197248.3,203437.8,1451.88,24373.71,2.84,3.65
20250912,203508.61,207995.61,203340.8,203862.8,1568.17,25205.98,0.21,2.29
20250915,204519.0,207707.5,202427.2,202576.3,1443.05,22771.67,-0.63,2.59
20250916,203319.0,205996.91,203275.2,203742.8,1562.71,23411.67,0.58,1.34
20250917,203337.3,207128.11,203337.3,204472.91,1516.56,23764.76,0.36,1.86
20250918,204396.3,210104.0,204028.11,206921.2,1948.86,31347.7,1.2,2.97
20250919,207098.11,209853.0,203894.7,204085.2,1501.27,23234.81,-1.37,2.88
20250922,204797.8,207472.0,202910.7,203763.5,1290.1,21212.46,-0.16,2.23
20250923,204575.41,205831.91,198777.0,202295.2,1561.82,24940.66,-0.72,3.46
20250924,202229.11,205546.7,200529.3,204139.5,1329.19,23264.67,0.91,2.48
20250925,204052.2,208432.61,203628.5,203665.5,1329.94,23708.51,-0.23,2.35
20250926,202750.2,205280.8,198120.0,198137.3,1245.25,21466.51,-2.71,3.52
20250929,198898.7,202273.41,198898.7,200086.2,1283.83,21612.1,0.98,1.7
20250930,201068.5,204161.2,200109.41,200276.91,1227.71,21811.07,0.1,2.03
20251009,202089.0,208166.8,202089.0,205121.0,1521.36,26526.88,2.42,3.03
20251010,204035.7,207384.3,200619.7,201434.61,1498.36,25152.69,-1.8,3.3
20251013,194712.3,203680.2,194712.3,201365.0,1451.61,23544.29,-0.03,4.45
20251014,203405.3,206259.8,197005.91,197984.0,1581.48,25759.03,-1.68,4.6
20251015,198620.61,201573.0,197855.61,199405.61,1309.37,20725.9,0.72,1.88
20251016,198510.8,201565.2,194749.8,195391.91,1225.34,19309.13,-2.01,3.42
20251017,195139.3,196219.11,187114.41,187406.41,1284.37,19378.44,-4.09,4.66
20251020,190111.61,193147.3,185493.5,186208.41,1131.61,17374.09,-0.64,4.08
20251021,186973.3,190574.5,186847.7,187849.2,1234.54,18737.01,0.88,2.0
20251022,186343.2,189260.3,183309.8,183473.0,1135.87,16676.06,-2.33,3.17
20251023,182817.5,183173.0,178920.3,180214.11,1179.26,16436.84,-1.78,2.32
20251024,181464.41,184907.3,181464.41,182580.5,1219.95,19740.21,1.31,1.91
20251027,184935.2,188918.11,184935.2,187237.5,1361.13,23399.21,2.55,2.18
20251028,187237.11,190402.91,186206.3,186641.7,1259.44,21476.38,-0.32,2.24
20251029,186737.91,190770.61,186737.91,189960.3,1343.13,22557.74,1.78,2.16
20251030,189302.41,193183.61,189031.3,189107.8,1441.16,24213.95,-0.45,2.19
20251031,189302.2,193761.0,188634.8,188737.3,1420.84,23174.9,-0.2,2.71
20251103,188766.7,190514.91,188703.11,189120.41,1357.69,21068.76,0.2,0.96
20251104,188807.8,190481.91,184122.0,185029.91,1297.91,19154.47,-2.16,3.36
20251105,182057.8,185836.3,182057.8,184053.8,1316.76,18721.26,-0.53,2.04
20251106,184743.0,188303.41,184743.0,185820.5,1335.85,20549.92,0.96,1.93
20251107,184997.11,187764.5,183995.11,184095.0,1296.39,19987.15,-0.93,2.03
20251110,184104.91,187347.11,184104.91,184696.2,1390.56,21741.95,0.33,1.76
20251113,180073.41,184135.61,180059.2,182342.0,1360.75,20418.15,-1.27,2.21
20251114,180768.8,183927.0,178449.3,178453.11,1391.07,19579.2,-2.13,3.0
20251117,179038.91,181255.41,177643.5,177823.0,1340.35,19106.43,-0.35,2.02
20251118,177336.61,179232.5,173961.8,174498.8,1382.77,19258.56,-1.87,2.96
20251119,174443.91,175689.8,171395.61,171411.3,1225.94,17257.28,-1.77,2.46
20251120,172954.11,173966.8,167900.2,168003.5,1207.52,17080.25,-1.99,3.54
20251121,165675.5,166996.91,162022.5,162064.7,1442.45,19653.54,-3.53,2.96
20251124,163258.7,164083.2,161632.2,162328.61,1194.05,17275.5,0.16,1.51
20251125,163772.8,168184.3,163772.8,164198.91,1178.23,18119.96,1.15,2.72
20251126,163822.11,166821.0,163230.41,163538.2,1143.99,17831.82,-0.4,2.19
20251127,163749.61,167365.61,161788.0,161991.2,1081.26,17096.49,-0.95,3.41
20251128,161899.8,164089.91,161154.5,161474.41,1061.05,15856.67,-0.32,1.81
20251201,162233.11,165170.61,162216.2,163157.3,1231.74,18738.44,1.04,1.83
20251202,162579.8,164092.3,159863.7,160062.5,1099.16,15933.22,-1.9,2.59
20251203,160080.41,161281.11,156958.0,157172.7,1176.99,16698.25,-1.81,2.7
20251204,157271.5,159022.3,154947.91,155070.8,1078.99,15488.57,-1.34,2.59
20251205,155097.61,157131.5,154921.7,156805.0,1169.37,17256.59,1.12,1.43
20251208,157404.0,162248.5,157404.0,160928.61,1276.13,20365.14,2.63,3.09
20251209,160352.91,163732.3,160335.5,160605.3,1212.23,19037.73,-0.2,2.11
20251210,160265.11,162122.5,159912.8,160266.3,1173.28,17783.58,-0.21,1.38
20251211,160574.11,162251.61,157646.0,157748.11,1230.75,18569.83,-1.57,2.87
20251212,157886.7,160993.11,157886.7,160851.2,1274.6,20920.64,1.97,1.97
20251215,159599.5,163197.8,158719.3,158842.5,1127.93,17733.27,-1.25,2.78
20251216,158433.11,158757.0,155209.41,155265.11,1176.58,17239.91,-2.25,2.23
20251217,155405.0,158181.5,155168.0,157985.8,1165.51,18110.02,1.75,1.94
20251218,157983.8,160265.8,155753.5,155759.3,1050.88,16552.74,-1.41,2.86
20251219,155935.5,159382.3,155935.5,156424.7,1170.22,17257.18,0.43,2.21
20251222,157714.7,161286.91,157714.7,159089.8,1175.99,18617.23,1.7,2.28
20251223,159315.3,161786.0,158554.41,159261.8,1195.71,18996.87,0.11,2.03
20251224,159346.3,162193.0,159346.3,161397.11,1115.0,18801.29,1.34,1.79
20251225,161316.11,163898.8,161316.11,162665.5,1129.77,19243.81,0.79,1.6
20251226,162878.0,166635.11,162872.0,164975.2,1296.44,21600.31,1.42,2.31
20251229,165100.8,168614.0,165044.41,165964.5,1277.24,21392.07,0.6,2.16
20251230,164976.11,168891.2,164976.11,167177.3,1244.04,21424.47,0.73,2.36
20251231,167646.0,169940.11,167110.5,167340.61,1204.54,20451.0,0.1,1.69
20260105,169063.11,174667.0,169063.11,174652.11,1427.34,25461.01,4.37,3.35
20260106,174845.3,182654.0,174845.3,182540.91,1634.1,28062.89,4.52,4.47
20260107,182539.7,188619.7,182539.7,187754.7,1596.99,28540.18,2.86,3.33
20260108,187164.3,193156.8,187164.3,192139.0,1586.65,28001.54,2.34,3.19
20260109,192211.91,200126.0,192211.91,200107.61,1743.25,31225.38,4.15,4.12
20260112,202464.41,212766.91,202464.41,212766.91,1991.69,36010.93,6.33,5.15
20260113,213403.0,218406.0,211577.61,214982.7,2063.19,36507.67,1.04,3.21
20260114,215964.3,225099.41,215964.3,223771.8,2264.31,39411.26,4.09,4.25
20260115,221702.7,226432.8,221432.5,222956.11,1651.44,29052.75,-0.36,2.23
20260116,224261.0,226991.8,223829.3,224082.0,1670.41,30260.91,0.5,1.42
20260119,223359.41,229016.5,223359.41,224590.3,1520.92,27081.85,0.23,2.52
20260120,225169.91,226451.2,220981.3,222259.0,1616.51,27776.07,-1.04,2.44
20260121,221606.8,227238.91,221606.8,223259.5,1460.32,26004.48,0.45,2.53
20260122,224388.7,228052.11,223932.11,224712.5,1531.54,26914.89,0.65,1.85
20260123,225578.2,230545.3,225578.2,230257.41,1764.17,30849.72,2.47,2.21
20260126,231358.0,234848.0,229867.0,230492.5,1909.96,32478.31,0.1,2.16
20260127,229809.3,233810.2,229809.3,231990.8,1664.09,28947.28,0.65,1.74
20260128,232714.3,235834.5,232714.3,233316.8,1705.4,29650.89,0.57,1.34
20260129,233219.91,238379.8,233094.61,234283.91,1899.18,32297.14,0.41,2.27
20260130,232223.41,235301.41,231176.91,232085.8,1705.98,28352.14,-0.94,1.76
20260202,230396.7,234066.41,224113.41,224140.3,1543.45,25844.83,-3.42,4.29
20260203,227355.7,230038.0,227068.5,228628.5,1420.18,25440.63,2.0,1.32
20260204,228024.0,230914.61,225110.11,226406.7,1489.01,24807.54,-0.97,2.54
20260205,223813.11,225950.7,219222.91,219222.91,1322.33,21759.84,-3.17,2.97
20260206,216813.0,222443.8,215632.91,215632.91,1286.52,21455.65,-1.64,3.11
20260209,219237.2,222542.11,217704.41,217965.3,1298.47,22492.86,1.08,2.24
20260210,218050.91,220458.8,214342.11,214350.3,1257.28,21054.12,-1.66,2.81
20260211,213948.8,216431.5,209695.91,209747.61,1182.23,19840.93,-2.15,3.14
20260212,210152.3,212931.7,208675.11,208858.0,1225.11,21415.07,-0.42,2.03
20260213,207656.41,210511.8,202851.61,203140.2,1140.99,19825.05,-2.74,3.67
20260224,206165.5,209579.8,204357.3,204400.41,1278.22,22017.81,0.62,2.57
20260225,204843.11,209105.91,204828.5,207305.2,1517.8,24622.36,1.42,2.09
20260226,207690.41,211341.8,207636.7,209349.5,1444.3,25382.37,0.99,1.79
20260227,207773.11,212595.0,207773.11,210796.41,1462.29,24870.93,0.69,2.3
20260302,209495.91,215928.5,209495.91,214151.41,1794.64,30202.61,1.59,3.05
20260303,214776.11,217220.7,210207.3,210566.3,1890.87,31290.77,-1.67,3.27
20260304,208356.3,215985.3,208356.3,209324.7,1505.12,23655.04,-0.59,3.62
20260305,212925.61,215802.91,210011.7,210648.5,1448.25,23898.43,0.63,2.77
20260306,209627.11,213941.11,209575.8,209867.2,1375.63,21999.73,-0.37,2.07
20260309,207041.8,211129.41,206797.3,209943.2,1634.42,26472.44,0.04,2.06
20260310,212029.5,216465.7,212029.5,212473.0,1410.68,23976.93,1.2,2.11
20260311,212926.0,216735.8,212243.5,212401.91,1478.18,25081.99,-0.03,2.11
20260312,212200.5,214839.91,210372.8,210470.7,1554.27,24416.71,-0.91,2.1
20260313,209690.91,213639.0,206363.61,206959.0,1565.6,24000.86,-1.67,3.46
20260316,206955.91,209061.2,205649.11,206155.8,1484.69,23251.22,-0.39,1.65
20260317,206631.0,208785.0,200154.2,200231.3,1431.49,22077.03,-2.87,4.19
20260318,201281.11,202732.7,199311.91,200538.3,1289.37,20458.74,0.15,1.71
20260319,198044.41,200584.91,193929.0,194819.3,1346.02,21107.58,-2.85,3.32
20260320,196100.11,198394.41,191743.5,191989.91,1400.27,22865.94,-1.45,3.41
20260323,188681.91,194448.5,185076.11,186349.41,1656.21,24311.6,-2.94,4.88
20260324,189075.41,190823.8,186657.5,190154.41,1411.64,20827.12,2.04,2.24
20260325,191987.61,197757.61,191987.61,193470.8,1411.19,21796.32,1.74,3.03
20260326,192776.41,195394.11,187588.5,188101.2,1282.5,19434.53,-2.78,4.03
20260327,185796.61,191012.91,185796.61,187771.91,1191.42,18530.71,-0.18,2.77
20260330,186257.3,189356.11,186121.7,186232.3,1248.4,19156.59,-0.82,1.72
20260331,185575.61,189066.7,181580.0,181580.0,1270.68,19924.33,-2.5,4.02
20260401,185284.3,187131.91,183615.8,184112.41,1219.6,20122.31,1.39,1.94
20260402,183075.7,185431.8,178695.0,179076.2,1179.76,18427.97,-2.74,3.66
20260403,180094.11,180260.8,174278.3,174307.91,1078.81,16563.25,-2.66,3.34
20260407,174961.2,178342.3,173036.3,173175.2,1013.73,16141.96,-0.65,3.04
20260408,177187.3,183799.0,177187.3,183799.0,1391.74,24341.69,6.13,3.82
20260409,183295.5,186944.11,182223.0,183185.61,1194.2,21339.2,-0.33,2.57
20260410,184523.7,189920.11,184523.7,186570.11,1214.74,23227.1,1.85,2.95
20260413,185749.7,190508.5,185749.7,187557.2,1168.96,21501.73,0.53,2.55
20260414,189168.0,192994.3,189168.0,191521.91,1253.2,23835.5,2.11,2.04
20260415,192539.11,195940.11,190563.11,191378.7,1266.38,24150.59,-0.07,2.81
20260416,191803.7,196482.41,191790.11,195227.61,1231.82,23415.05,2.01,2.45
20260417,195074.91,199701.8,195074.91,197356.8,1244.16,24253.71,1.09,2.37
20260420,197745.41,203401.41,197745.41,200954.11,1312.77,25786.03,1.82,2.87
20260421,200023.41,203039.8,200023.41,201082.8,1277.35,24083.52,0.06,1.5
20260422,200316.61,205291.0,200316.61,205068.8,1280.9,25595.4,1.98,2.47
20260423,205803.7,208992.2,204612.3,205117.91,1431.61,28042.5,0.02,2.14
20260424,204616.2,207393.2,204616.2,204924.3,1314.09,26414.93,-0.09,1.35
20260427,205308.7,210666.8,205308.7,207510.0,1299.25,25891.11,1.26,2.61
20260428,206823.7,210302.8,205189.0,206021.91,1323.35,25359.47,-0.72,2.46
20260429,204959.5,211512.61,204959.5,210190.2,1350.15,25899.18,2.02,3.18
20260430,210824.61,214974.2,210824.61,212999.61,1393.9,27405.77,1.34,1.97
20260506,216529.2,224888.3,216529.2,223319.5,1526.61,32264.6,4.85,3.92
20260507,224357.0,230062.2,224004.11,229806.11,1529.29,31436.15,2.9,2.71
20260508,228104.3,234048.11,228104.3,231888.8,1522.61,30483.31,0.91,2.59
20260511,234866.91,241930.41,234866.91,240907.0,1673.73,35386.1,3.89,3.05
20260512,241363.61,245412.8,241130.2,241855.8,1566.15,32423.9,0.39,1.78
20260513,240400.0,248181.5,240400.0,247893.41,1531.49,32397.04,2.5,3.22
20260514,249490.91,251217.11,244054.91,244054.91,1636.84,33619.22,-1.55,2.89
20260515,244865.8,249909.0,241547.3,243432.5,1582.26,33442.58,-0.26,3.43
20260518,242912.5,249632.8,242509.5,243671.61,1364.73,28936.04,0.1,2.93
20260519,242270.2,245531.8,241865.11,244889.11,1348.22,28863.1,0.5,1.5
20260520,243543.8,247967.91,243543.8,244977.11,1349.5,29534.18,0.04,1.81
20260521,247077.91,252137.3,239455.91,240032.91,1605.15,34812.29,-2.02,5.18
20260522,242683.5,247036.7,241833.3,245398.41,1351.74,29030.48,2.24,2.17
20260525,247496.2,251840.8,247147.3,250198.91,1396.36,32054.48,1.96,1.91
20260526,248552.0,252828.91,246148.2,249161.41,1477.27,32434.1,-0.41,2.67
20260527,249074.8,254482.0,245373.3,246159.0,1475.55,32382.16,-1.21,3.66
20260528,245356.61,250047.2,244939.7,248334.8,1368.3,29678.8,0.88,2.07
20260529,248987.0,251308.41,241401.8,243320.61,1579.54,33186.38,-2.02,3.99
20260601,243802.8,249250.0,238702.11,239004.11,1435.73,28772.39,-1.77,4.33
20260602,239890.8,244290.3,238373.61,240689.61,1378.67,27926.15,0.71,2.48
20260603,241052.8,248764.0,240887.11,243557.91,1460.43,31299.84,1.19,3.27
20260604,240732.3,247141.2,240732.3,242038.7,1339.48,27574.16,-0.62,2.63
20260605,241258.5,246046.91,237121.2,238320.5,1480.15,30688.1,-1.54,3.69
20260608,231157.7,238755.5,228921.41,229676.0,1447.36,27925.23,-3.63,4.13
20260609,232892.5,235787.91,232221.0,235268.61,1294.13,26401.08,2.43,1.55
20260610,234111.11,236857.41,228240.7,229199.7,1308.59,26190.11,-2.58,3.66
20260611,228239.7,232612.3,225152.11,226709.91,1237.94,25518.12,-1.09,3.25
20260612,231247.11,235684.0,229064.11,229923.11,1535.01,32147.62,1.42,2.92
20260615,230165.2,241775.5,230165.2,240715.7,1435.51,30310.15,4.69,5.05
20260616,241379.3,248273.3,241379.3,244787.2,1370.05,30645.34,1.69,2.86
20260617,243651.41,250501.8,243651.41,248337.61,1353.39,30915.18,1.45,2.8
20260618,247492.2,255311.2,247492.2,252152.41,1422.28,33096.74,1.54,3.15
20260622,254056.11,261214.11,254056.11,261160.61,1619.73,37368.79,3.57,2.84
20260623,259849.3,265890.31,254359.7,256098.11,1516.93,34404.92,-1.94,4.42
20260624,254687.3,262363.81,254687.3,260574.5,1434.6,32840.87,1.75,3.0
20260625,261624.3,267975.09,261523.0,265669.41,1500.8,35940.04,1.96,2.48
20260626,265534.09,267381.0,259259.5,259330.2,1496.36,35520.81,-2.39,3.06
20260629,259372.11,265697.41,258199.11,261596.91,1467.08,35175.16,0.87,2.89
20260630,261055.61,270005.59,261055.61,267415.5,1342.85,32734.58,2.22,3.42
20260701,267757.72,274672.41,266249.81,268357.22,1545.27,36597.15,0.35,3.15
20260702,261653.0,270391.0,258058.2,258917.7,1512.9,34503.1,-3.52,4.6
20260703,258868.91,265303.22,258049.3,258190.3,1387.44,31822.39,-0.28,2.8
20260706,259978.8,263669.41,252993.8,253007.0,1358.01,30909.06,-2.01,4.13
20260707,250894.91,255374.7,244684.61,245033.8,1192.57,25810.0,-3.15,4.23
20260708,246761.61,247103.3,237412.8,237470.2,1150.65,25633.57,-3.09,3.95
20260709,239608.3,245141.8,235945.61,244980.41,1269.19,29135.39,3.16,3.87
20260710,246157.61,253419.41,242119.0,242119.0,1455.83,33883.64,-1.17,4.61
20260713,240102.5,242699.8,229093.11,229804.2,1324.32,28175.78,-5.09,5.62
20260714,230308.91,235705.7,225926.61,233909.91,1254.39,27037.82,1.79,4.26
20260715,234948.5,237771.2,227726.5,227997.2,1264.66,25709.31,-2.53,4.29
20260716,223763.41,230882.11,218609.0,220020.91,1200.77,24033.87,-3.5,5.38
20260717,218362.91,219250.0,206427.5,207162.61,1413.71,26547.43,-5.84,5.83
20260720,210800.0,213465.5,200091.5,204361.91,1481.63,27019.21,-1.35,6.46
20260721,205213.7,218028.41,200038.61,217907.61,1570.38,29569.04,6.63,8.8
20260722,216599.91,224217.91,215060.7,215562.2,1295.16,26531.66,-1.08,4.2
20260723,216370.41,219975.7,212334.61,212881.3,1187.02,21949.98,-1.24,3.54
20260724,209495.91,213829.5,203804.41,203868.5,1076.45,19309.22,-4.23,4.71
20260727,203507.3,210488.2,202766.0,207273.3,1075.92,20764.75,1.67,3.79
20260728,203547.7,206596.61,195673.8,196522.41,1068.0,20256.14,-5.19,5.27
20260729,196755.11,200050.41,194191.3,197053.61,1245.72,22963.39,0.27,2.98
20260730,195964.11,198128.8,189919.8,190831.8,1278.68,23425.75,-3.16,4.17
20260731,198441.5,204850.2,197105.41,197225.3,1316.44,25417.56,3.35,4.06
20260803,196175.41,199118.41,193035.61,193198.41,1142.85,19971.64,-2.04,3.08
20260804,195114.61,200811.11,194946.5,199285.3,1204.61,22133.71,3.15,3.04
20260805,198133.91,209238.0,198133.91,206996.91,1324.01,26594.32,3.87,5.57
